This is LuaHBTeX, Version 1.15.0 (TeX Live 2022)  (format=lualatex 2023.1.5)  20 MAR 2026 10:26
 restricted system commands enabled.
 file:line:error style messages enabled.
**"inflation_relative_price_variance anonymous.tex"
("./inflation_relative_price_variance anonymous.tex"
LaTeX2e <2021-11-15> patch level 1
Lua module: luaotfload 2022-03-18 3.21 Lua based OpenType font support
Lua module: lualibs 2021-05-20 2.74 ConTeXt Lua standard libraries.
Lua module: lualibs-extended 2021-05-20 2.74 ConTeXt Lua libraries -- extended collection.
luaotfload | conf : Root cache directory is "/Users/xolanisibande/Library/texlive/2022/texmf-var/luatex-cache/generic/names".
luaotfload | init : Loading fontloader "fontloader-2022-02-24.lua" from kpse-resolved path "/usr/local/texlive/2022/texmf-dist/tex/luatex/luaotfload/fontloader-2022-02-24.lua".
Lua-only attribute luaotfload@noligature = 1
luaotfload | init : Context OpenType loader version 3.119
Inserting `luaotfload.node_processor' at position 1 in `pre_linebreak_filter'.
Inserting `luaotfload.node_processor' at position 1 in `hpack_filter'.
Inserting `luaotfload.glyph_stream' at position 1 in `glyph_stream_provider'.
Inserting `luaotfload.define_font' at position 1 in `define_font'.
Lua-only attribute luaotfload_color_attribute = 2
luaotfload | conf : Root cache directory is "/Users/xolanisibande/Library/texlive/2022/texmf-var/luatex-cache/generic/names".
Inserting `luaotfload.harf.strip_prefix' at position 1 in `find_opentype_file'.
Inserting `luaotfload.harf.strip_prefix' at position 1 in `find_truetype_file'.
Removing  `luaotfload.glyph_stream' from `glyph_stream_provider'.
Inserting `luaotfload.harf.glyphstream' at position 1 in `glyph_stream_provider'.
Inserting `luaotfload.harf.finalize_vlist' at position 1 in `post_linebreak_filter'.
Inserting `luaotfload.harf.finalize_hlist' at position 2 in `hpack_filter'.
Inserting `luaotfload.cleanup_files' at position 1 in `wrapup_run'.
Inserting `luaotfload.harf.finalize_unicode' at position 1 in `finish_pdffile'.
Inserting `luaotfload.glyphinfo' at position 1 in `glyph_info'.
Lua-only attribute luaotfload.letterspace_done = 3
Inserting `luaotfload.aux.set_sscale_dimens' at position 1 in `luaotfload.patch_font'.
Inserting `luaotfload.aux.set_font_index' at position 2 in `luaotfload.patch_font'.
Inserting `luaotfload.aux.patch_cambria_domh' at position 3 in `luaotfload.patch_font'.
Inserting `luaotfload.aux.fixup_fontdata' at position 1 in `luaotfload.patch_font_unsafe'.
Inserting `luaotfload.aux.set_capheight' at position 4 in `luaotfload.patch_font'.
Inserting `luaotfload.aux.set_xheight' at position 5 in `luaotfload.patch_font'.
Inserting `luaotfload.rewrite_fontname' at position 6 in `luaotfload.patch_font'. L3 programming layer <2022-02-24>
Inserting `tracingstacklevels' at position 1 in `input_level_string'. (/usr/local/texlive/2022/texmf-dist/tex/latex/koma-script/scrartcl.cls
Document Class: scrartcl 2021/11/13 v3.35 KOMA-Script document class (article)
(/usr/local/texlive/2022/texmf-dist/tex/latex/koma-script/scrkbase.sty
Package: scrkbase 2021/11/13 v3.35 KOMA-Script package (KOMA-Script-dependent basics and keyval usage)
 (/usr/local/texlive/2022/texmf-dist/tex/latex/koma-script/scrbase.sty
Package: scrbase 2021/11/13 v3.35 KOMA-Script package (KOMA-Script-independent basics and keyval usage)
 (/usr/local/texlive/2022/texmf-dist/tex/latex/koma-script/scrlfile.sty
Package: scrlfile 2021/11/13 v3.35 KOMA-Script package (file load hooks)
 (/usr/local/texlive/2022/texmf-dist/tex/latex/koma-script/scrlfile-hook.sty
Package: scrlfile-hook 2021/11/13 v3.35 KOMA-Script package (using LaTeX hooks)
 (/usr/local/texlive/2022/texmf-dist/tex/latex/koma-script/scrlogo.sty
Package: scrlogo 2021/11/13 v3.35 KOMA-Script package (logo)
))) (/usr/local/texlive/2022/texmf-dist/tex/latex/graphics/keyval.sty
Package: keyval 2014/10/28 v1.15 key=value parser (DPC)
\KV@toks@=\toks16
)
Applying: [2021/05/01] Usage of raw or classic option list on input line 252.
Already applied: [0000/00/00] Usage of raw or classic option list on input line 368.
)) (/usr/local/texlive/2022/texmf-dist/tex/latex/koma-script/tocbasic.sty
Package: tocbasic 2021/11/13 v3.35 KOMA-Script package (handling toc-files)
\scr@dte@tocline@numberwidth=\skip47
\scr@dte@tocline@numbox=\box50
)
Package tocbasic Info: babel extension for `toc' omitted
(tocbasic)             because of missing \bbl@set@language on input line 135.
Class scrartcl Info: File `scrsize11pt.clo' used instead of
(scrartcl)           file `scrsize11.clo' to setup font sizes on input line 2242.
 (/usr/local/texlive/2022/texmf-dist/tex/latex/koma-script/scrsize11pt.clo
File: scrsize11pt.clo 2021/11/13 v3.35 KOMA-Script font size class option (11pt)
luaotfload | db : Font names database loaded from /Users/xolanisibande/Library/texlive/2022/texmf-var/luatex-cache/generic/names/luaotfload-names.luc.gz) (/usr/local/texlive/2022/texmf-dist/tex/latex/koma-script/typearea.sty
Package: typearea 2021/11/13 v3.35 KOMA-Script package (type area)
\ta@bcor=\skip48
\ta@div=\count183
Package typearea Info: You've used standard option `letterpaper'.
(typearea)             This is correct!
(typearea)             Internally I'm using `paper=letter'.
(typearea)             If you'd like to set the option with \KOMAoptions,
(typearea)             you'd have to use `paper=letter' there
(typearea)             instead of `letterpaper', too.
\ta@hblk=\skip49
\ta@vblk=\skip50
\ta@temp=\skip51
\footheight=\skip52
Package typearea Info: These are the values describing the layout:
(typearea)             DIV  = 11
(typearea)             BCOR = 0.0pt
(typearea)             \paperwidth      = 614.295pt
(typearea)              \textwidth      = 446.76004pt
(typearea)              DIV departure   = -14%
(typearea)              \evensidemargin = 11.49748pt
(typearea)              \oddsidemargin  = 11.49748pt
(typearea)             \paperheight     = 794.96999pt
(typearea)              \textheight     = 582.20026pt
(typearea)              \topmargin      = -37.40001pt
(typearea)              \headheight     = 17.0pt
(typearea)              \headsep        = 20.40001pt
(typearea)              \topskip        = 11.0pt
(typearea)              \footskip       = 47.6pt
(typearea)              \baselineskip   = 13.6pt
(typearea)              on input line 1743.
)
\c@part=\count184
\c@section=\count185
\c@subsection=\count186
\c@subsubsection=\count187
\c@paragraph=\count188
\c@subparagraph=\count189
\scr@dte@section@maxnumwidth=\skip53
Class scrartcl Info: using compatibility default `runin=bysign'
(scrartcl)           for `\section on input line 4852.
Class scrartcl Info: using compatibility default `afterindent=bysign'
(scrartcl)           for `\section on input line 4852.
\scr@dte@part@maxnumwidth=\skip54
Class scrartcl Info: using compatibility default `afterindent=false'
(scrartcl)           for `\part on input line 4860.
\scr@dte@subsection@maxnumwidth=\skip55
Class scrartcl Info: using compatibility default `runin=bysign'
(scrartcl)           for `\subsection on input line 4870.
Class scrartcl Info: using compatibility default `afterindent=bysign'
(scrartcl)           for `\subsection on input line 4870.
\scr@dte@subsubsection@maxnumwidth=\skip56
Class scrartcl Info: using compatibility default `runin=bysign'
(scrartcl)           for `\subsubsection on input line 4880.
Class scrartcl Info: using compatibility default `afterindent=bysign'
(scrartcl)           for `\subsubsection on input line 4880.
\scr@dte@paragraph@maxnumwidth=\skip57
Class scrartcl Info: using compatibility default `runin=bysign'
(scrartcl)           for `\paragraph on input line 4891.
Class scrartcl Info: using compatibility default `afterindent=bysign'
(scrartcl)           for `\paragraph on input line 4891.
\scr@dte@subparagraph@maxnumwidth=\skip58
Class scrartcl Info: using compatibility default `runin=bysign'
(scrartcl)           for `\subparagraph on input line 4901.
Class scrartcl Info: using compatibility default `afterindent=bysign'
(scrartcl)           for `\subparagraph on input line 4901.
\abovecaptionskip=\skip59
\belowcaptionskip=\skip60
\c@pti@nb@sid@b@x=\box51
Package tocbasic Info: babel extension for `lof' omitted
(tocbasic)             because of missing \bbl@set@language on input line 6076.
\scr@dte@figure@maxnumwidth=\skip61
\c@figure=\count190
Package tocbasic Info: babel extension for `lot' omitted
(tocbasic)             because of missing \bbl@set@language on input line 6091.
\scr@dte@table@maxnumwidth=\skip62
\c@table=\count191
Class scrartcl Info: Redefining `\numberline' on input line 6258.
\bibindent=\dimen137
) (/usr/local/texlive/2022/texmf-dist/tex/latex/amsmath/amsmath.sty
Package: amsmath 2021/10/15 v2.17l AMS math features
\@mathmargin=\skip63

For additional information on amsmath, use the `?' option.
(/usr/local/texlive/2022/texmf-dist/tex/latex/amsmath/amstext.sty
Package: amstext 2021/08/26 v2.01 AMS text
 (/usr/local/texlive/2022/texmf-dist/tex/latex/amsmath/amsgen.sty
File: amsgen.sty 1999/11/30 v2.0 generic functions
\@emptytoks=\toks17
\ex@=\dimen138
)) (/usr/local/texlive/2022/texmf-dist/tex/latex/amsmath/amsbsy.sty
Package: amsbsy 1999/11/29 v1.2d Bold Symbols
\pmbraise@=\dimen139
) (/usr/local/texlive/2022/texmf-dist/tex/latex/amsmath/amsopn.sty
Package: amsopn 2021/08/26 v2.02 operator names
)
\inf@bad=\count192
LaTeX Info: Redefining \frac on input line 236.
\uproot@=\count193
\leftroot@=\count194
LaTeX Info: Redefining \overline on input line 399.
\classnum@=\count195
\DOTSCASE@=\count196
LaTeX Info: Redefining \ldots on input line 496.
LaTeX Info: Redefining \dots on input line 499.
LaTeX Info: Redefining \cdots on input line 620.
\Mathstrutbox@=\box52
\strutbox@=\box53
\big@size=\dimen140
LaTeX Font Info:    Redeclaring font encoding OML on input line 743.
LaTeX Font Info:    Redeclaring font encoding OMS on input line 744.
\macc@depth=\count197
\c@MaxMatrixCols=\count198
\dotsspace@=\muskip16
\c@parentequation=\count199
\dspbrk@lvl=\count266
\tag@help=\toks18
\row@=\count267
\column@=\count268
\maxfields@=\count269
\andhelp@=\toks19
\eqnshift@=\dimen141
\alignsep@=\dimen142
\tagshift@=\dimen143
\tagwidth@=\dimen144
\totwidth@=\dimen145
\lineht@=\dimen146
\@envbody=\toks20
\multlinegap=\skip64
\multlinetaggap=\skip65
\mathdisplay@stack=\toks21
LaTeX Info: Redefining \[ on input line 2938.
LaTeX Info: Redefining \] on input line 2939.
) (/usr/local/texlive/2022/texmf-dist/tex/latex/amsfonts/amssymb.sty
Package: amssymb 2013/01/14 v3.01 AMS font symbols
 (/usr/local/texlive/2022/texmf-dist/tex/latex/amsfonts/amsfonts.sty
Package: amsfonts 2013/01/14 v3.01 Basic AMSFonts support
\symAMSa=\mathgroup4
\symAMSb=\mathgroup5
LaTeX Font Info:    Redeclaring math symbol \hbar on input line 98.
LaTeX Font Info:    Overwriting math alphabet `\mathfrak' in version `bold'
(Font)                  U/euf/m/n --> U/euf/b/n on input line 106.
)) (/usr/local/texlive/2022/texmf-dist/tex/latex/setspace/setspace.sty
Package: setspace 2011/12/19 v6.7a set line spacing
) (/usr/local/texlive/2022/texmf-dist/tex/generic/iftex/iftex.sty
Package: iftex 2022/02/03 v1.0f TeX engine tests
) (/usr/local/texlive/2022/texmf-dist/tex/latex/unicode-math/unicode-math.sty (/usr/local/texlive/2022/texmf-dist/tex/latex/l3kernel/expl3.sty
Package: expl3 2022-02-24 L3 programming layer (loader) 
 (/usr/local/texlive/2022/texmf-dist/tex/latex/l3backend/l3backend-luatex.def
File: l3backend-luatex.def 2022-02-07 L3 backend support: PDF output (LuaTeX)
\l__color_backend_stack_int=\count270
\l__pdf_internal_box=\box54
))
Package: unicode-math 2020/01/31 v0.8q Unicode maths in XeLaTeX and LuaLaTeX
 (/usr/local/texlive/2022/texmf-dist/tex/latex/unicode-math/unicode-math-luatex.sty
Package: unicode-math-luatex 2020/01/31 v0.8q Unicode maths in XeLaTeX and LuaLaTeX
 (/usr/local/texlive/2022/texmf-dist/tex/latex/l3packages/xparse/xparse.sty
Package: xparse 2022-01-12 L3 Experimental document command parser
) (/usr/local/texlive/2022/texmf-dist/tex/latex/l3packages/l3keys2e/l3keys2e.sty
Package: l3keys2e 2022-01-12 LaTeX2e option processing using LaTeX3 keys
) (/usr/local/texlive/2022/texmf-dist/tex/latex/fontspec/fontspec.sty
Package: fontspec 2022/01/15 v2.8a Font selection for XeLaTeX and LuaLaTeX
Lua module: fontspec 2022/01/15 2.8a Font selection for XeLaTeX and LuaLaTeX (/usr/local/texlive/2022/texmf-dist/tex/latex/fontspec/fontspec-luatex.sty
Package: fontspec-luatex 2022/01/15 v2.8a Font selection for XeLaTeX and LuaLaTeX
\l__fontspec_script_int=\count271
\l__fontspec_language_int=\count272
\l__fontspec_strnum_int=\count273
\l__fontspec_tmp_int=\count274
\l__fontspec_tmpa_int=\count275
\l__fontspec_tmpb_int=\count276
\l__fontspec_tmpc_int=\count277
\l__fontspec_em_int=\count278
\l__fontspec_emdef_int=\count279
\l__fontspec_strong_int=\count280
\l__fontspec_strongdef_int=\count281
\l__fontspec_tmpa_dim=\dimen147
\l__fontspec_tmpb_dim=\dimen148
\l__fontspec_tmpc_dim=\dimen149
 (/usr/local/texlive/2022/texmf-dist/tex/latex/base/fontenc.sty
Package: fontenc 2021/04/29 v2.0v Standard LaTeX package
) (/usr/local/texlive/2022/texmf-dist/tex/latex/fontspec/fontspec.cfg))) (/usr/local/texlive/2022/texmf-dist/tex/latex/base/fix-cm.sty
Package: fix-cm 2020/11/24 v1.1t fixes to LaTeX
 (/usr/local/texlive/2022/texmf-dist/tex/latex/base/ts1enc.def
File: ts1enc.def 2001/06/05 v3.0e (jk/car/fm) Standard LaTeX file
LaTeX Font Info:    Redeclaring font encoding TS1 on input line 47.
)) (/usr/local/texlive/2022/texmf-dist/tex/lualatex/lualatex-math/lualatex-math.sty
Package: lualatex-math 2022/01/01 v1.12 Patches for mathematics typesetting with LuaLaTeX
 (/usr/local/texlive/2022/texmf-dist/tex/latex/etoolbox/etoolbox.sty
Package: etoolbox 2020/10/05 v2.5k e-TeX tools for LaTeX (JAW)
\etb@tempcnta=\count282
)
Lua module: lualatex-math 2013/08/03 1.3 Patches for mathematics typesetting with LuaLaTeX)
\g__um_fam_int=\count283
\g__um_fonts_used_int=\count284
\l__um_primecount_int=\count285
\g__um_primekern_muskip=\muskip17
 (/usr/local/texlive/2022/texmf-dist/tex/latex/unicode-math/unicode-math-table.tex))) (/usr/local/texlive/2022/texmf-dist/tex/latex/lm/lmodern.sty
Package: lmodern 2015/05/01 v1.6.1 Latin Modern Fonts
LaTeX Font Info:    Overwriting symbol font `operators' in version `normal'
(Font)                  OT1/cmr/m/n --> OT1/lmr/m/n on input line 22.
LaTeX Font Info:    Overwriting symbol font `letters' in version `normal'
(Font)                  OML/cmm/m/it --> OML/lmm/m/it on input line 23.
LaTeX Font Info:    Overwriting symbol font `symbols' in version `normal'
(Font)                  OMS/cmsy/m/n --> OMS/lmsy/m/n on input line 24.
LaTeX Font Info:    Overwriting symbol font `largesymbols' in version `normal'
(Font)                  OMX/cmex/m/n --> OMX/lmex/m/n on input line 25.
LaTeX Font Info:    Overwriting symbol font `operators' in version `bold'
(Font)                  OT1/cmr/bx/n --> OT1/lmr/bx/n on input line 26.
LaTeX Font Info:    Overwriting symbol font `letters' in version `bold'
(Font)                  OML/cmm/b/it --> OML/lmm/b/it on input line 27.
LaTeX Font Info:    Overwriting symbol font `symbols' in version `bold'
(Font)                  OMS/cmsy/b/n --> OMS/lmsy/b/n on input line 28.
LaTeX Font Info:    Overwriting symbol font `largesymbols' in version `bold'
(Font)                  OMX/cmex/m/n --> OMX/lmex/m/n on input line 29.
LaTeX Font Info:    Overwriting math alphabet `\mathbf' in version `normal'
(Font)                  OT1/cmr/bx/n --> OT1/lmr/bx/n on input line 31.
LaTeX Font Info:    Overwriting math alphabet `\mathsf' in version `normal'
(Font)                  OT1/cmss/m/n --> OT1/lmss/m/n on input line 32.
LaTeX Font Info:    Overwriting math alphabet `\mathit' in version `normal'
(Font)                  OT1/cmr/m/it --> OT1/lmr/m/it on input line 33.
LaTeX Font Info:    Overwriting math alphabet `\mathtt' in version `normal'
(Font)                  OT1/cmtt/m/n --> OT1/lmtt/m/n on input line 34.
LaTeX Font Info:    Overwriting math alphabet `\mathbf' in version `bold'
(Font)                  OT1/cmr/bx/n --> OT1/lmr/bx/n on input line 35.
LaTeX Font Info:    Overwriting math alphabet `\mathsf' in version `bold'
(Font)                  OT1/cmss/bx/n --> OT1/lmss/bx/n on input line 36.
LaTeX Font Info:    Overwriting math alphabet `\mathit' in version `bold'
(Font)                  OT1/cmr/bx/it --> OT1/lmr/bx/it on input line 37.
LaTeX Font Info:    Overwriting math alphabet `\mathtt' in version `bold'
(Font)                  OT1/cmtt/m/n --> OT1/lmtt/m/n on input line 38.
) (/usr/local/texlive/2022/texmf-dist/tex/latex/upquote/upquote.sty
Package: upquote 2012/04/19 v1.3 upright-quote and grave-accent glyphs in verbatim
 (/usr/local/texlive/2022/texmf-dist/tex/latex/base/textcomp.sty
Package: textcomp 2020/02/02 v2.0n Standard LaTeX package
)) (/usr/local/texlive/2022/texmf-dist/tex/latex/microtype/microtype.sty
Package: microtype 2022/03/14 v3.0d Micro-typographical refinements (RS)
\MT@toks=\toks22
\MT@tempbox=\box55
\MT@count=\count286
LaTeX Info: Redefining \noprotrusionifhmode on input line 1027.
LaTeX Info: Redefining \leftprotrusion on input line 1028.
LaTeX Info: Redefining \rightprotrusion on input line 1036.
LaTeX Info: Redefining \textls on input line 1195.
\MT@outer@kern=\dimen150
LaTeX Info: Redefining \textmicrotypecontext on input line 1781.
\MT@listname@count=\count287
 (/usr/local/texlive/2022/texmf-dist/tex/latex/microtype/microtype-luatex.def
File: microtype-luatex.def 2022/03/14 v3.0d Definitions specific to luatex (RS)
Lua module: microtype 2022/03/14 3.0d microtype module.
Module microtype Info: overwriting function `keepligature' on input line 63
LaTeX Info: Redefining \lsstyle on input line 686.
LaTeX Info: Redefining \lslig on input line 686.
\MT@outer@space=\skip66
)
Package microtype Info: Loading configuration file microtype.cfg.
 (/usr/local/texlive/2022/texmf-dist/tex/latex/microtype/microtype.cfg
File: microtype.cfg 2022/03/14 v3.0d microtype main configuration file (RS)
)) (/usr/local/texlive/2022/texmf-dist/tex/latex/xcolor/xcolor.sty
Package: xcolor 2021/10/31 v2.13 LaTeX color extensions (UK)
 (/usr/local/texlive/2022/texmf-dist/tex/latex/graphics-cfg/color.cfg
File: color.cfg 2016/01/02 v1.6 sample color configuration
)
Package xcolor Info: Driver file: luatex.def on input line 227.
 (/usr/local/texlive/2022/texmf-dist/tex/latex/graphics-def/luatex.def
File: luatex.def 2021/06/01 v1.2c Graphics/color driver for luatex
)
Package xcolor Info: Model `cmy' substituted by `cmy0' on input line 1352.
Package xcolor Info: Model `hsb' substituted by `rgb' on input line 1356.
Package xcolor Info: Model `RGB' extended on input line 1368.
Package xcolor Info: Model `HTML' substituted by `rgb' on input line 1370.
Package xcolor Info: Model `Hsb' substituted by `hsb' on input line 1371.
Package xcolor Info: Model `tHsb' substituted by `hsb' on input line 1372.
Package xcolor Info: Model `HSB' substituted by `hsb' on input line 1373.
Package xcolor Info: Model `Gray' substituted by `gray' on input line 1374.
Package xcolor Info: Model `wave' substituted by `hsb' on input line 1375.
 (/usr/local/texlive/2022/texmf-dist/tex/latex/graphics/dvipsnam.def
File: dvipsnam.def 2016/06/17 v3.0m Driver-dependent file (DPC,SPQR)
) (/usr/local/texlive/2022/texmf-dist/tex/latex/xcolor/svgnam.def
File: svgnam.def 2021/10/31 v2.13 Predefined colors according to SVG 1.1 (UK)
) (/usr/local/texlive/2022/texmf-dist/tex/latex/xcolor/x11nam.def
File: x11nam.def 2021/10/31 v2.13 Predefined colors according to Unix/X11 (UK)
)) (/usr/local/texlive/2022/texmf-dist/tex/latex/tools/longtable.sty
Package: longtable 2021-09-01 v4.17 Multi-page Table package (DPC)
\LTleft=\skip67
\LTright=\skip68
\LTpre=\skip69
\LTpost=\skip70
\LTchunksize=\count288
\LTcapwidth=\dimen151
\LT@head=\box56
\LT@firsthead=\box57
\LT@foot=\box58
\LT@lastfoot=\box59
\LT@gbox=\box60
\LT@cols=\count289
\LT@rows=\count290
\c@LT@tables=\count291
\c@LT@chunks=\count292
\LT@p@ftn=\toks23
)
Class scrartcl Info: longtable captions redefined on input line 49.
 (/usr/local/texlive/2022/texmf-dist/tex/latex/booktabs/booktabs.sty
Package: booktabs 2020/01/12 v1.61803398 Publication quality tables
\heavyrulewidth=\dimen152
\lightrulewidth=\dimen153
\cmidrulewidth=\dimen154
\belowrulesep=\dimen155
\belowbottomsep=\dimen156
\aboverulesep=\dimen157
\abovetopsep=\dimen158
\cmidrulesep=\dimen159
\cmidrulekern=\dimen160
\defaultaddspace=\dimen161
\@cmidla=\count293
\@cmidlb=\count294
\@aboverulesep=\dimen162
\@belowrulesep=\dimen163
\@thisruleclass=\count295
\@lastruleclass=\count296
\@thisrulewidth=\dimen164
) (/usr/local/texlive/2022/texmf-dist/tex/latex/tools/array.sty
Package: array 2021/10/04 v2.5f Tabular extension package (FMi)
\col@sep=\dimen165
\ar@mcellbox=\box61
\extrarowheight=\dimen166
\NC@list=\toks24
\extratabsurround=\skip71
\backup@length=\skip72
\ar@cellbox=\box62
) (/usr/local/texlive/2022/texmf-dist/tex/latex/tools/calc.sty
Package: calc 2017/05/25 v4.3 Infix arithmetic (KKT,FJ)
\calc@Acount=\count297
\calc@Bcount=\count298
\calc@Adimen=\dimen167
\calc@Bdimen=\dimen168
\calc@Askip=\skip73
\calc@Bskip=\skip74
LaTeX Info: Redefining \setlength on input line 80.
LaTeX Info: Redefining \addtolength on input line 81.
\calc@Ccount=\count299
\calc@Cskip=\skip75
) (/usr/local/texlive/2022/texmf-dist/tex/latex/footnotehyper/footnotehyper.sty
Package: footnotehyper 2021/08/13 v1.1e hyperref aware footnote.sty (JFB)
\FNH@notes=\box63
\FNH@width=\dimen169
\FNH@toks=\toks25
) (/usr/local/texlive/2022/texmf-dist/tex/latex/graphics/graphicx.sty
Package: graphicx 2021/09/16 v1.2d Enhanced LaTeX Graphics (DPC,SPQR)
 (/usr/local/texlive/2022/texmf-dist/tex/latex/graphics/graphics.sty
Package: graphics 2021/03/04 v1.4d Standard LaTeX Graphics (DPC,SPQR)
 (/usr/local/texlive/2022/texmf-dist/tex/latex/graphics/trig.sty
Package: trig 2021/08/11 v1.11 sin cos tan (DPC)
) (/usr/local/texlive/2022/texmf-dist/tex/latex/graphics-cfg/graphics.cfg
File: graphics.cfg 2016/06/04 v1.11 sample graphics configuration
)
Package graphics Info: Driver file: luatex.def on input line 107.
)
\Gin@req@height=\dimen170
\Gin@req@width=\dimen171
) (/usr/local/texlive/2022/texmf-dist/tex/latex/multirow/multirow.sty
Package: multirow 2021/03/15 v2.8 Span multiple rows of a table
\multirow@colwidth=\skip76
\multirow@cntb=\count300
\multirow@dima=\skip77
\bigstrutjot=\dimen172
) (/usr/local/texlive/2022/texmf-dist/tex/latex/tools/multicol.sty
Package: multicol 2021/10/28 v1.9b multicolumn formatting (FMi)
\c@tracingmulticols=\count301
\mult@box=\box64
\multicol@leftmargin=\dimen173
\c@unbalance=\count302
\c@collectmore=\count303
\doublecol@number=\count304
\multicoltolerance=\count305
\multicolpretolerance=\count306
\full@width=\dimen174
\page@free=\dimen175
\premulticols=\dimen176
\postmulticols=\dimen177
\multicolsep=\skip78
\multicolbaselineskip=\skip79
\partial@page=\box65
\last@line=\box66
\maxbalancingoverflow=\dimen178
\mult@rightbox=\box67
\mult@grightbox=\box68
\mult@firstbox=\box69
\mult@gfirstbox=\box70
\@tempa=\box71
\@tempa=\box72
\@tempa=\box73
\@tempa=\box74
\@tempa=\box75
\@tempa=\box76
\@tempa=\box77
\@tempa=\box78
\@tempa=\box79
\@tempa=\box80
\@tempa=\box81
\@tempa=\box82
\@tempa=\box83
\@tempa=\box84
\@tempa=\box85
\@tempa=\box86
\@tempa=\box87
\@tempa=\box88
\@tempa=\box89
\@tempa=\box90
\@tempa=\box91
\@tempa=\box92
\@tempa=\box93
\@tempa=\box94
\@tempa=\box95
\@tempa=\box96
\@tempa=\box97
\@tempa=\box98
\@tempa=\box99
\@tempa=\box100
\@tempa=\box101
\@tempa=\box102
\@tempa=\box103
\@tempa=\box104
\@tempa=\box105
\@tempa=\box106
\c@minrows=\count307
\c@columnbadness=\count308
\c@finalcolumnbadness=\count309
\last@try=\dimen179
\multicolovershoot=\dimen180
\multicolundershoot=\dimen181
\mult@nat@firstbox=\box107
\colbreak@box=\box108
\mc@col@check@num=\count310
) (/usr/local/texlive/2022/texmf-dist/tex/latex/colortbl/colortbl.sty
Package: colortbl 2020/01/04 v1.0e Color table columns (DPC)
\everycr=\toks26
\minrowclearance=\skip80
) (/usr/local/texlive/2022/texmf-dist/tex/generic/ulem/ulem.sty
\UL@box=\box109
\UL@hyphenbox=\box110
\UL@skip=\skip81
\UL@hook=\toks27
\UL@height=\dimen182
\UL@pe=\count311
\UL@pixel=\dimen183
\ULC@box=\box111
Package: ulem 2019/11/18
\ULdepth=\dimen184
) (/usr/local/texlive/2022/texmf-dist/tex/latex/tools/hhline.sty
Package: hhline 2020/01/04 v2.04 Table rule package (DPC)
)
\Oldarrayrulewidth=\skip82
\Oldtabcolsep=\skip83
 (/usr/local/texlive/2022/texmf-dist/tex/latex/hyperref/hyperref.sty
Package: hyperref 2022-02-21 v7.00n Hypertext links for LaTeX
 (/usr/local/texlive/2022/texmf-dist/tex/generic/ltxcmds/ltxcmds.sty
Package: ltxcmds 2020-05-10 v1.25 LaTeX kernel commands for general use (HO)
) (/usr/local/texlive/2022/texmf-dist/tex/generic/pdftexcmds/pdftexcmds.sty
Package: pdftexcmds 2020-06-27 v0.33 Utility functions of pdfTeX for LuaTeX (HO)
 (/usr/local/texlive/2022/texmf-dist/tex/generic/infwarerr/infwarerr.sty
Package: infwarerr 2019/12/03 v1.5 Providing info/warning/error messages (HO)
)
Package pdftexcmds Info: \pdf@primitive is available.
Package pdftexcmds Info: \pdf@ifprimitive is available.
Package pdftexcmds Info: \pdfdraftmode found.
\pdftexcmds@toks=\toks28
) (/usr/local/texlive/2022/texmf-dist/tex/generic/kvsetkeys/kvsetkeys.sty
Package: kvsetkeys 2019/12/15 v1.18 Key value parser (HO)
) (/usr/local/texlive/2022/texmf-dist/tex/generic/kvdefinekeys/kvdefinekeys.sty
Package: kvdefinekeys 2019-12-19 v1.6 Define keys (HO)
) (/usr/local/texlive/2022/texmf-dist/tex/generic/pdfescape/pdfescape.sty
Package: pdfescape 2019/12/09 v1.15 Implements pdfTeX's escape features (HO)
) (/usr/local/texlive/2022/texmf-dist/tex/latex/hycolor/hycolor.sty
Package: hycolor 2020-01-27 v1.10 Color options for hyperref/bookmark (HO)
) (/usr/local/texlive/2022/texmf-dist/tex/latex/letltxmacro/letltxmacro.sty
Package: letltxmacro 2019/12/03 v1.6 Let assignment for LaTeX macros (HO)
)
(/usr/local/texlive/2022/texmf-dist/tex/latex/auxhook/auxhook.sty
Package: auxhook 2019-12-17 v1.6 Hooks for auxiliary files (HO)
) (/usr/local/texlive/2022/texmf-dist/tex/latex/kvoptions/kvoptions.sty
Package: kvoptions 2020-10-07 v3.14 Key value format for package options (HO)
)
\@linkdim=\dimen185
\Hy@linkcounter=\count312
\Hy@pagecounter=\count313
 (/usr/local/texlive/2022/texmf-dist/tex/latex/hyperref/pd1enc.def
File: pd1enc.def 2022-02-21 v7.00n Hyperref: PDFDocEncoding definition (HO)
) (/usr/local/texlive/2022/texmf-dist/tex/generic/intcalc/intcalc.sty
Package: intcalc 2019/12/15 v1.3 Expandable calculations with integers (HO)
) (/usr/local/texlive/2022/texmf-dist/tex/generic/etexcmds/etexcmds.sty
Package: etexcmds 2019/12/15 v1.7 Avoid name clashes with e-TeX commands (HO)
)
\Hy@SavedSpaceFactor=\count314
 (/usr/local/texlive/2022/texmf-dist/tex/latex/hyperref/puenc.def
File: puenc.def 2022-02-21 v7.00n Hyperref: PDF Unicode definition (HO)
)
Package hyperref Info: Option `unicode' set `true' on input line 4018.
Package hyperref Info: Hyper figures OFF on input line 4137.
Package hyperref Info: Link nesting OFF on input line 4142.
Package hyperref Info: Hyper index ON on input line 4145.
Package hyperref Info: Plain pages OFF on input line 4152.
Package hyperref Info: Backreferencing OFF on input line 4157.
Package hyperref Info: Implicit mode ON; LaTeX internals redefined.
Package hyperref Info: Bookmarks ON on input line 4390.
\c@Hy@tempcnt=\count315
 (/usr/local/texlive/2022/texmf-dist/tex/latex/url/url.sty
\Urlmuskip=\muskip18
Package: url 2013/09/16  ver 3.4  Verb mode for urls, etc.
)
LaTeX Info: Redefining \url on input line 4749.
\XeTeXLinkMargin=\dimen186
 (/usr/local/texlive/2022/texmf-dist/tex/generic/bitset/bitset.sty
Package: bitset 2019/12/09 v1.3 Handle bit-vector datatype (HO)
 (/usr/local/texlive/2022/texmf-dist/tex/generic/bigintcalc/bigintcalc.sty
Package: bigintcalc 2019/12/15 v1.5 Expandable calculations on big integers (HO)
))
\Fld@menulength=\count316
\Field@Width=\dimen187
\Fld@charsize=\dimen188
Package hyperref Info: Hyper figures OFF on input line 6027.
Package hyperref Info: Link nesting OFF on input line 6032.
Package hyperref Info: Hyper index ON on input line 6035.
Package hyperref Info: backreferencing OFF on input line 6042.
Package hyperref Info: Link coloring OFF on input line 6047.
Package hyperref Info: Link coloring with OCG OFF on input line 6052.
Package hyperref Info: PDF/A mode OFF on input line 6057.
LaTeX Info: Redefining \ref on input line 6097.
LaTeX Info: Redefining \pageref on input line 6101.
 (/usr/local/texlive/2022/texmf-dist/tex/latex/base/atbegshi-ltx.sty
Package: atbegshi-ltx 2021/01/10 v1.0c Emulation of the original atbegshi
package with kernel methods
)
\Hy@abspage=\count317
\c@Item=\count318
\c@Hfootnote=\count319
)
Package hyperref Info: Driver (autodetected): hluatex.
 (/usr/local/texlive/2022/texmf-dist/tex/latex/hyperref/hluatex.def
File: hluatex.def 2022-02-21 v7.00n Hyperref driver for luaTeX
 (/usr/local/texlive/2022/texmf-dist/tex/generic/stringenc/stringenc.sty
Package: stringenc 2019/11/29 v1.12 Convert strings between diff. encodings (HO)
) (/usr/local/texlive/2022/texmf-dist/tex/latex/base/atveryend-ltx.sty
Package: atveryend-ltx 2020/08/19 v1.0a Emulation of the original atveryend package
with kernel methods
)
\Fld@listcount=\count320
\c@bookmark@seq@number=\count321
 (/usr/local/texlive/2022/texmf-dist/tex/latex/rerunfilecheck/rerunfilecheck.sty
Package: rerunfilecheck 2019/12/05 v1.9 Rerun checks for auxiliary files (HO)
 (/usr/local/texlive/2022/texmf-dist/tex/generic/uniquecounter/uniquecounter.sty
Package: uniquecounter 2019/12/15 v1.4 Provide unlimited unique counter (HO)
)
Package uniquecounter Info: New unique counter `rerunfilecheck' on input line 286.
)
\Hy@SectionHShift=\skip84
) (/usr/local/texlive/2022/texmf-dist/tex/latex/float/float.sty
Package: float 2001/11/08 v1.3d Float enhancements (AL)
\c@float@type=\count322
\float@exts=\toks29
\float@box=\box112
\@float@everytoks=\toks30
\@floatcapt=\box113
) (/usr/local/texlive/2022/texmf-dist/tex/latex/wrapfig/wrapfig.sty
\wrapoverhang=\dimen189
\WF@size=\dimen190
\c@WF@wrappedlines=\count323
\WF@box=\box114
\WF@everypar=\toks31
Package: wrapfig 2003/01/31  v 3.6
) (/usr/local/texlive/2022/texmf-dist/tex/latex/sfmath/sfmath.sty
Package: sfmath 2007/08/27 v0.8 sans serif maths
LaTeX Font Info:    Encoding `OT1' has changed to `T1' for symbol font
(Font)              `operators' in the math version `normal' on input line 329.
LaTeX Font Info:    Overwriting symbol font `operators' in version `normal'
(Font)                  OT1/lmr/m/n --> T1/lmss/m/n on input line 329.
LaTeX Font Info:    Encoding `OT1' has changed to `T1' for symbol font
(Font)              `operators' in the math version `bold' on input line 330.
LaTeX Font Info:    Overwriting symbol font `operators' in version `bold'
(Font)                  OT1/lmr/bx/n --> T1/lmss/bx/n on input line 330.
\symSFMath=\mathgroup6
LaTeX Font Info:    Overwriting symbol font `SFMath' in version `normal'
(Font)                  T1/lmss/m/sl --> T1/lmss/m/sl on input line 343.
LaTeX Font Info:    Overwriting symbol font `SFMath' in version `bold'
(Font)                  T1/lmss/m/sl --> T1/lmss/bx/sl on input line 344.
LaTeX Font Info:    Redeclaring math symbol \imath on input line 398.
LaTeX Font Info:    Redeclaring math symbol \jmath on input line 399.
\symSFMathUp=\mathgroup7
LaTeX Font Info:    Overwriting symbol font `SFMathUp' in version `normal'
(Font)                  T1/lmss/m/n --> T1/lmss/m/n on input line 406.
LaTeX Font Info:    Overwriting symbol font `SFMathUp' in version `bold'
(Font)                  T1/lmss/m/n --> T1/lmss/bx/n on input line 407.
LaTeX Font Info:    Redeclaring math symbol \ldotp on input line 410.
\symSFMathGreek=\mathgroup8
LaTeX Font Info:    Overwriting symbol font `SFMathGreek' in version `normal'
(Font)                  OT1/cmss/m/n --> OT1/cmss/m/n on input line 419.
LaTeX Font Info:    Overwriting symbol font `SFMathGreek' in version `bold'
(Font)                  OT1/cmss/m/n --> OT1/cmss/bx/n on input line 420.
LaTeX Font Info:    Redeclaring math symbol \Gamma on input line 422.
LaTeX Font Info:    Redeclaring math symbol \Delta on input line 423.
LaTeX Font Info:    Redeclaring math symbol \Theta on input line 424.
LaTeX Font Info:    Redeclaring math symbol \Lambda on input line 425.
LaTeX Font Info:    Redeclaring math symbol \Xi on input line 426.
LaTeX Font Info:    Redeclaring math symbol \Pi on input line 427.
LaTeX Font Info:    Redeclaring math symbol \Sigma on input line 428.
LaTeX Font Info:    Redeclaring math symbol \Upsilon on input line 429.
LaTeX Font Info:    Redeclaring math symbol \Phi on input line 430.
LaTeX Font Info:    Redeclaring math symbol \Psi on input line 431.
LaTeX Font Info:    Redeclaring math symbol \Omega on input line 432.
\symSFMathUpGreek=\mathgroup9
LaTeX Font Info:    Overwriting symbol font `SFMathUpGreek' in version `normal'
(Font)                  OT1/cmss/m/n --> OT1/cmss/m/n on input line 436.
LaTeX Font Info:    Overwriting symbol font `SFMathUpGreek' in version `bold'
(Font)                  OT1/cmss/m/n --> OT1/cmss/bx/n on input line 437.
LaTeX Font Info:    Overwriting math alphabet `\mathnormal' in version `normal'
(Font)                  OML/lmm/m/it --> T1/lmss/m/sl on input line 446.
LaTeX Font Info:    Overwriting math alphabet `\mathnormal' in version `bold'
(Font)                  OML/lmm/b/it --> T1/lmss/bx/sl on input line 447.
LaTeX Font Info:    Overwriting math alphabet `\mathrm' in version `normal'
(Font)                  T1/lmss/m/n --> T1/lmss/m/n on input line 449.
LaTeX Font Info:    Overwriting math alphabet `\mathrm' in version `bold'
(Font)                  T1/lmss/bx/n --> T1/lmss/bx/n on input line 450.
LaTeX Font Info:    Overwriting math alphabet `\mathbf' in version `normal'
(Font)                  OT1/lmr/bx/n --> T1/lmss/bx/n on input line 452.
LaTeX Font Info:    Overwriting math alphabet `\mathbf' in version `bold'
(Font)                  OT1/lmr/bx/n --> T1/lmss/bx/n on input line 453.
LaTeX Font Info:    Overwriting math alphabet `\mathit' in version `normal'
(Font)                  OT1/lmr/m/it --> T1/lmss/m/sl on input line 455.
LaTeX Font Info:    Overwriting math alphabet `\mathit' in version `bold'
(Font)                  OT1/lmr/bx/it --> T1/lmss/bx/sl on input line 456.
LaTeX Font Info:    Overwriting math alphabet `\mathsf' in version `normal'
(Font)                  OT1/lmss/m/n --> T1/lmss/m/n on input line 458.
LaTeX Font Info:    Overwriting math alphabet `\mathsf' in version `bold'
(Font)                  OT1/lmss/bx/n --> T1/lmss/bx/n on input line 459.
LaTeX Font Info:    Overwriting math alphabet `\mathsl' in version `bold'
(Font)                  T1/lmss/m/sl --> T1/lmss/bx/sl on input line 466.
) (/usr/local/texlive/2022/texmf-dist/tex/latex/base/inputenc.sty
Package: inputenc 2021/02/14 v1.3d Input encoding file
\inpenc@prehook=\toks32
\inpenc@posthook=\toks33


Package inputenc Warning: inputenc package ignored with utf8 based engines.

) (/usr/local/texlive/2022/texmf-dist/tex/latex/siunitx/siunitx.sty
Package: siunitx 2022-02-15 v3.0.49 A comprehensive (SI) units package
\l__siunitx_angle_tmp_dim=\dimen191
\l__siunitx_angle_marker_box=\box115
\l__siunitx_angle_unit_box=\box116
\l__siunitx_compound_count_int=\count324
 (/usr/local/texlive/2022/texmf-dist/tex/latex/translations/translations.sty
Package: translations 2022/02/05 v1.12 internationalization of LaTeX2e packages (CN)
)
\l__siunitx_number_exponent_fixed_int=\count325
\l__siunitx_number_min_decimal_int=\count326
\l__siunitx_number_min_integer_int=\count327
\l__siunitx_number_round_precision_int=\count328
\l__siunitx_number_group_minimum_int=\count329
\l__siunitx_table_tmp_box=\box117
\l__siunitx_table_tmp_dim=\dimen192
\l__siunitx_table_column_width_dim=\dimen193
\l__siunitx_table_integer_box=\box118
\l__siunitx_table_decimal_box=\box119
\l__siunitx_table_before_box=\box120
\l__siunitx_table_after_box=\box121
\l__siunitx_table_before_dim=\dimen194
\l__siunitx_table_carry_dim=\dimen195
\l__siunitx_unit_tmp_int=\count330
\l__siunitx_unit_position_int=\count331
\l__siunitx_unit_total_int=\count332
) (/usr/local/texlive/2022/texmf-dist/tex/latex/graphics/lscape.sty
Package: lscape 2020/05/28 v3.02 Landscape Pages (DPC)
) (/usr/local/texlive/2022/texmf-dist/tex/latex/graphics/rotating.sty
Package: rotating 2016/08/11 v2.16d rotated objects in LaTeX
 (/usr/local/texlive/2022/texmf-dist/tex/latex/base/ifthen.sty
Package: ifthen 2020/11/24 v1.1c Standard LaTeX ifthen package (DPC)
)
\c@r@tfl@t=\count333
\rotFPtop=\skip85
\rotFPbot=\skip86
\rot@float@box=\box122
\rot@mess@toks=\toks34
) (/usr/local/texlive/2022/texmf-dist/tex/latex/caption/caption.sty
Package: caption 2022/03/01 v3.6b Customizing captions (AR)
 (/usr/local/texlive/2022/texmf-dist/tex/latex/caption/caption3.sty
Package: caption3 2022/03/17 v2.3b caption3 kernel (AR)
\caption@tempdima=\dimen196
\captionmargin=\dimen197
\caption@leftmargin=\dimen198
\caption@rightmargin=\dimen199
\caption@width=\dimen256
\caption@indent=\dimen257
\caption@parindent=\dimen258
\caption@hangindent=\dimen259
Package caption Info: KOMA-Script document class detected.
 (/usr/local/texlive/2022/texmf-dist/tex/latex/caption/caption-koma.sto
File: caption-koma.sto 2020/09/21 v2.0b Adaption of the caption package to the KOMA-Script document classes (AR)
))
\c@caption@flags=\count334
\c@continuedfloat=\count335
Package caption Info: float package is loaded.
Package caption Info: hyperref package is loaded.
Package caption Info: longtable package is loaded.
 (/usr/local/texlive/2022/texmf-dist/tex/latex/caption/ltcaption.sty
Package: ltcaption 2021/01/08 v1.4c longtable captions (AR)
)
Package caption Info: rotating package is loaded.
Package caption Info: wrapfig package is loaded.
)
\@float@every@codelisting=\toks35
\c@codelisting=\count336
 (/usr/local/texlive/2022/texmf-dist/tex/latex/caption/subcaption.sty
Package: subcaption 2022/01/07 v1.5 Sub-captions (AR)
\c@subfigure=\count337
\c@subtable=\count338
) (/usr/local/texlive/2022/texmf-dist/tex/lualatex/selnolig/selnolig.sty
=== Package selnolig, Version 0.302, Date 2015/10/26 ===
Package: selnolig 2015/10/26
(/usr/local/texlive/2022/texmf-dist/tex/generic/iftex/ifluatex.sty
Package: ifluatex 2019/10/25 v1.5 ifluatex legacy package. Use iftex instead.
) (/usr/local/texlive/2022/texmf-dist/tex/luatex/luatexbase/luatexbase.sty
Package: luatexbase 2015/10/04 v1.3 luatexbase interface to LuaTeX 
 (/usr/local/texlive/2022/texmf-dist/tex/luatex/ctablestack/ctablestack.sty
Package: ctablestack 2015/10/01 v1.0 Catcode table stable support
\@catcodetablestackcnt=\count339
)
\CatcodeTableOther=\catcodetable12
\CatcodeTableExpl=\catcodetable13
)
Inserting `Suppress ligatures selectively' at position 1 in `ligaturing'.) (/usr/local/texlive/2022/texmf-dist/tex/latex/natbib/natbib.sty
Package: natbib 2010/09/13 8.31b (PWD, AO)
\bibhang=\skip87
\bibsep=\skip88
LaTeX Info: Redefining \cite on input line 694.
\c@NAT@ctr=\count340
) (/usr/local/texlive/2022/texmf-dist/tex/latex/bookmark/bookmark.sty
Package: bookmark 2020-11-06 v1.29 PDF bookmarks (HO)
 (/usr/local/texlive/2022/texmf-dist/tex/latex/bookmark/bkm-pdftex.def
File: bkm-pdftex.def 2020-11-06 v1.29 bookmark driver for pdfTeX (HO)
\BKM@id=\count341
)) (/usr/local/texlive/2022/texmf-dist/tex/latex/xurl/xurl.sty
Package: xurl 2022/01/09 v 0.10 modify URL breaks
)
Package hyperref Info: Option `colorlinks' set `true' on input line 182.
Package translations Info: No language package found. I am going to use `english' as default language. on input line 187.
 ("/Users/xolanisibande/Papers/inflation_relative_price_variance/Journal/.texpadtmp/inflation_relative_price_variance anonymous.aux")
\openout1 = inflation_relative_price_variance anonymous.aux

LaTeX Font Info:    Checking defaults for OML/cmm/m/it on input line 187.
LaTeX Font Info:    ... okay on input line 187.
LaTeX Font Info:    Checking defaults for OMS/cmsy/m/n on input line 187.
LaTeX Font Info:    ... okay on input line 187.
LaTeX Font Info:    Checking defaults for OT1/cmr/m/n on input line 187.
LaTeX Font Info:    ... okay on input line 187.
LaTeX Font Info:    Checking defaults for T1/cmr/m/n on input line 187.
LaTeX Font Info:    ... okay on input line 187.
LaTeX Font Info:    Checking defaults for TS1/cmr/m/n on input line 187.
LaTeX Font Info:    ... okay on input line 187.
LaTeX Font Info:    Checking defaults for TU/lmr/m/n on input line 187.
LaTeX Font Info:    ... okay on input line 187.
LaTeX Font Info:    Checking defaults for OMX/cmex/m/n on input line 187.
LaTeX Font Info:    ... okay on input line 187.
LaTeX Font Info:    Checking defaults for U/cmr/m/n on input line 187.
LaTeX Font Info:    ... okay on input line 187.
LaTeX Font Info:    Checking defaults for PD1/pdf/m/n on input line 187.
LaTeX Font Info:    ... okay on input line 187.
LaTeX Font Info:    Checking defaults for PU/pdf/m/n on input line 187.
LaTeX Font Info:    ... okay on input line 187.
Package scrbase Info: activating english \contentsname on input line 187.
Package scrbase Info: activating english \listfigurename on input line 187.
Package scrbase Info: activating english \listtablename on input line 187.
LaTeX Font Info:    Overwriting math alphabet `\mathrm' in version `normal'
(Font)                  T1/lmss/m/n --> TU/lmr/m/n on input line 187.
LaTeX Font Info:    Overwriting math alphabet `\mathit' in version `normal'
(Font)                  T1/lmss/m/sl --> TU/lmr/m/it on input line 187.
LaTeX Font Info:    Overwriting math alphabet `\mathbf' in version `normal'
(Font)                  T1/lmss/bx/n --> TU/lmr/bx/n on input line 187.
LaTeX Font Info:    Overwriting math alphabet `\mathsf' in version `normal'
(Font)                  T1/lmss/m/n --> TU/lmss/m/n on input line 187.
LaTeX Font Info:    Overwriting math alphabet `\mathsf' in version `bold'
(Font)                  T1/lmss/bx/n --> TU/lmss/bx/n on input line 187.
LaTeX Font Info:    Overwriting math alphabet `\mathtt' in version `normal'
(Font)                  OT1/lmtt/m/n --> TU/lmtt/m/n on input line 187.
LaTeX Font Info:    Overwriting math alphabet `\mathtt' in version `bold'
(Font)                  OT1/lmtt/m/n --> TU/lmtt/bx/n on input line 187.

Package fontspec Info: latinmodern-math scale = 0.9999967668407183.


Package fontspec Info: latinmodern-math scale = 0.9999967668407183.


Package fontspec Info: latinmodern-math scale = 0.9999967668407183.


Package fontspec Info: Font family 'latinmodern-math.otf(0)' created for font
(fontspec)             'latinmodern-math.otf' with options
(fontspec)             [Scale=MatchLowercase,Renderer=Basic,BoldItalicFont={},ItalicFont={},SmallCapsFont={},Script=Math,FontAdjustment={\__um_luatex_copy_fontdimens:
(fontspec)             },BoldFont={latinmodern-math.otf}].
(fontspec)              
(fontspec)              This font family consists of the following NFSS
(fontspec)             series/shapes:
(fontspec)              
(fontspec)             - 'normal' (m/n) with NFSS spec.:
(fontspec)             <->s*[0.9999967668407183]"[latinmodern-math.otf]:mode=base;script=math;language=dflt;"
(fontspec)             - 'small caps'  (m/sc) with NFSS spec.: 
(fontspec)             and font adjustment code:
(fontspec)             \__um_luatex_copy_fontdimens: 
(fontspec)             - 'bold' (b/n) with NFSS spec.:
(fontspec)             <->s*[0.9999967668407183]"[latinmodern-math.otf]:mode=base;script=math;language=dflt;"
(fontspec)             - 'bold small caps'  (b/sc) with NFSS spec.: 
(fontspec)             and font adjustment code:
(fontspec)             \__um_luatex_copy_fontdimens: 

LaTeX Font Info:    Font shape `TU/latinmodern-math.otf(0)/m/n' will be
(Font)              scaled to size 10.95pt on input line 187.

Package fontspec Info: latinmodern-math scale = 0.9999967668407183.


Package fontspec Info: latinmodern-math scale = 0.9999967668407183.


Package fontspec Info: latinmodern-math scale = 0.9999967668407183.


Package fontspec Info: latinmodern-math scale = 0.9999967668407183.


Package fontspec Info: latinmodern-math scale = 0.9999967668407183.


Package fontspec Info: Font family 'latinmodern-math.otf(1)' created for font
(fontspec)             'latinmodern-math.otf' with options
(fontspec)             [Scale=MatchLowercase,Renderer=Basic,BoldItalicFont={},ItalicFont={},SmallCapsFont={},Script=Math,SizeFeatures={{Size=9.3075-},{Size=6.57-9.3075,Font=latinmodern-math.otf,Style=MathScript},{Size=-6.57,Font=latinmodern-math.otf,Style=MathScriptScript}},FontAdjustment={\__um_luatex_copy_fontdimens:
(fontspec)             },BoldFont={latinmodern-math.otf}].
(fontspec)              
(fontspec)              This font family consists of the following NFSS
(fontspec)             series/shapes:
(fontspec)              
(fontspec)             - 'normal' (m/n) with NFSS spec.:
(fontspec)             <9.3075->s*[0.9999967668407183]"[latinmodern-math.otf]:mode=base;script=math;language=dflt;"<6.57-9.3075>s*[0.9999967668407183]"[latinmodern-math.otf]:mode=base;script=math;language=dflt;+ssty=0;"<-6.57>s*[0.9999967668407183]"[latinmodern-math.otf]:mode=base;script=math;language=dflt;+ssty=1;"
(fontspec)             - 'small caps'  (m/sc) with NFSS spec.: 
(fontspec)             and font adjustment code:
(fontspec)             \__um_luatex_copy_fontdimens: 
(fontspec)             - 'bold' (b/n) with NFSS spec.:
(fontspec)             <->s*[0.9999967668407183]"[latinmodern-math.otf]:mode=base;script=math;language=dflt;"
(fontspec)             - 'bold small caps'  (b/sc) with NFSS spec.: 
(fontspec)             and font adjustment code:
(fontspec)             \__um_luatex_copy_fontdimens: 

LaTeX Font Info:    Font shape `TU/latinmodern-math.otf(1)/m/n' will be
(Font)              scaled to size 10.95pt on input line 187.
LaTeX Font Info:    Encoding `T1' has changed to `TU' for symbol font
(Font)              `operators' in the math version `normal' on input line 187.
LaTeX Font Info:    Overwriting symbol font `operators' in version `normal'
(Font)                  T1/lmss/m/n --> TU/latinmodern-math.otf(1)/m/n on input line 187.
LaTeX Font Info:    Encoding `T1' has changed to `TU' for symbol font
(Font)              `operators' in the math version `bold' on input line 187.
LaTeX Font Info:    Overwriting symbol font `operators' in version `bold'
(Font)                  T1/lmss/bx/n --> TU/latinmodern-math.otf(1)/b/n on input line 187.

Package fontspec Info: latinmodern-math scale = 0.9999967668407183.


Package fontspec Info: latinmodern-math scale = 1.000096766517402.


Package fontspec Info: latinmodern-math scale = 0.9999967668407183.


Package fontspec Info: latinmodern-math scale = 1.000096766517402.


Package fontspec Info: latinmodern-math scale = 0.9999967668407183.


Package fontspec Info: latinmodern-math scale = 1.000096766517402.


Package fontspec Info: latinmodern-math scale = 0.9999967668407183.


Package fontspec Info: latinmodern-math scale = 1.000096766517402.


Package fontspec Info: latinmodern-math scale = 0.9999967668407183.


Package fontspec Info: latinmodern-math scale = 1.000096766517402.


Package fontspec Info: Font family 'latinmodern-math.otf(2)' created for font
(fontspec)             'latinmodern-math.otf' with options
(fontspec)             [Scale=MatchLowercase,Renderer=Basic,BoldItalicFont={},ItalicFont={},SmallCapsFont={},Script=Math,SizeFeatures={{Size=9.3075-},{Size=6.57-9.3075,Font=latinmodern-math.otf,Style=MathScript},{Size=-6.57,Font=latinmodern-math.otf,Style=MathScriptScript}},FontAdjustment={\__um_luatex_copy_fontdimens:
(fontspec)             },BoldFont={latinmodern-math.otf},ScaleAgain=1.0001,FontAdjustment={\fontdimen
(fontspec)             8\font =7.41315pt\relax \fontdimen 9\font
(fontspec)             =4.31429pt\relax \fontdimen 10\font =4.86179pt\relax
(fontspec)             \fontdimen 11\font =7.51169pt\relax \fontdimen 12\font
(fontspec)             =3.77774pt\relax \fontdimen 13\font =3.97484pt\relax
(fontspec)             \fontdimen 14\font =3.97484pt\relax \fontdimen 15\font
(fontspec)             =3.16454pt\relax \fontdimen 16\font =2.70464pt\relax
(fontspec)             \fontdimen 17\font =2.70464pt\relax \fontdimen 18\font
(fontspec)             =2.73749pt\relax \fontdimen 19\font =2.18999pt\relax
(fontspec)             \fontdimen 22\font =2.73749pt\relax \fontdimen 20\font
(fontspec)             =0pt\relax \fontdimen 21\font =0pt\relax }].
(fontspec)              
(fontspec)              This font family consists of the following NFSS
(fontspec)             series/shapes:
(fontspec)              
(fontspec)             - 'normal' (m/n) with NFSS spec.:
(fontspec)             <9.3075->s*[1.000096766517402]"[latinmodern-math.otf]:mode=base;script=math;language=dflt;"<6.57-9.3075>s*[1.000096766517402]"[latinmodern-math.otf]:mode=base;script=math;language=dflt;+ssty=0;"<-6.57>s*[1.000096766517402]"[latinmodern-math.otf]:mode=base;script=math;language=dflt;+ssty=1;"
(fontspec)             - 'small caps'  (m/sc) with NFSS spec.: 
(fontspec)             and font adjustment code:
(fontspec)             \__um_luatex_copy_fontdimens: \fontdimen 8\font
(fontspec)             =7.41315pt\relax \fontdimen 9\font =4.31429pt\relax
(fontspec)             \fontdimen 10\font =4.86179pt\relax \fontdimen 11\font
(fontspec)             =7.51169pt\relax \fontdimen 12\font =3.77774pt\relax
(fontspec)             \fontdimen 13\font =3.97484pt\relax \fontdimen 14\font
(fontspec)             =3.97484pt\relax \fontdimen 15\font =3.16454pt\relax
(fontspec)             \fontdimen 16\font =2.70464pt\relax \fontdimen 17\font
(fontspec)             =2.70464pt\relax \fontdimen 18\font =2.73749pt\relax
(fontspec)             \fontdimen 19\font =2.18999pt\relax \fontdimen 22\font
(fontspec)             =2.73749pt\relax \fontdimen 20\font =0pt\relax
(fontspec)             \fontdimen 21\font =0pt\relax 
(fontspec)             - 'bold' (b/n) with NFSS spec.:
(fontspec)             <->s*[1.000096766517402]"[latinmodern-math.otf]:mode=base;script=math;language=dflt;"
(fontspec)             - 'bold small caps'  (b/sc) with NFSS spec.: 
(fontspec)             and font adjustment code:
(fontspec)             \__um_luatex_copy_fontdimens: \fontdimen 8\font
(fontspec)             =7.41315pt\relax \fontdimen 9\font =4.31429pt\relax
(fontspec)             \fontdimen 10\font =4.86179pt\relax \fontdimen 11\font
(fontspec)             =7.51169pt\relax \fontdimen 12\font =3.77774pt\relax
(fontspec)             \fontdimen 13\font =3.97484pt\relax \fontdimen 14\font
(fontspec)             =3.97484pt\relax \fontdimen 15\font =3.16454pt\relax
(fontspec)             \fontdimen 16\font =2.70464pt\relax \fontdimen 17\font
(fontspec)             =2.70464pt\relax \fontdimen 18\font =2.73749pt\relax
(fontspec)             \fontdimen 19\font =2.18999pt\relax \fontdimen 22\font
(fontspec)             =2.73749pt\relax \fontdimen 20\font =0pt\relax
(fontspec)             \fontdimen 21\font =0pt\relax 

LaTeX Font Info:    Encoding `OMS' has changed to `TU' for symbol font
(Font)              `symbols' in the math version `normal' on input line 187.
LaTeX Font Info:    Overwriting symbol font `symbols' in version `normal'
(Font)                  OMS/lmsy/m/n --> TU/latinmodern-math.otf(2)/m/n on input line 187.
LaTeX Font Info:    Encoding `OMS' has changed to `TU' for symbol font
(Font)              `symbols' in the math version `bold' on input line 187.
LaTeX Font Info:    Overwriting symbol font `symbols' in version `bold'
(Font)                  OMS/lmsy/b/n --> TU/latinmodern-math.otf(2)/b/n on input line 187.

Package fontspec Info: latinmodern-math scale = 0.9999967668407183.


Package fontspec Info: latinmodern-math scale = 0.9998967671640342.


Package fontspec Info: latinmodern-math scale = 0.9999967668407183.


Package fontspec Info: latinmodern-math scale = 0.9998967671640342.


Package fontspec Info: latinmodern-math scale = 0.9999967668407183.


Package fontspec Info: latinmodern-math scale = 0.9998967671640342.


Package fontspec Info: latinmodern-math scale = 0.9999967668407183.


Package fontspec Info: latinmodern-math scale = 0.9998967671640342.


Package fontspec Info: latinmodern-math scale = 0.9999967668407183.


Package fontspec Info: latinmodern-math scale = 0.9998967671640342.


Package fontspec Info: Font family 'latinmodern-math.otf(3)' created for font
(fontspec)             'latinmodern-math.otf' with options
(fontspec)             [Scale=MatchLowercase,Renderer=Basic,BoldItalicFont={},ItalicFont={},SmallCapsFont={},Script=Math,SizeFeatures={{Size=9.3075-},{Size=6.57-9.3075,Font=latinmodern-math.otf,Style=MathScript},{Size=-6.57,Font=latinmodern-math.otf,Style=MathScriptScript}},FontAdjustment={\__um_luatex_copy_fontdimens:
(fontspec)             },BoldFont={latinmodern-math.otf},ScaleAgain=0.9999,FontAdjustment={\fontdimen
(fontspec)             8\font =0.43799pt\relax \fontdimen 9\font
(fontspec)             =2.18999pt\relax \fontdimen 10\font =1.82864pt\relax
(fontspec)             \fontdimen 11\font =1.21544pt\relax \fontdimen 12\font
(fontspec)             =6.56999pt\relax \fontdimen 13\font =0pt\relax }].
(fontspec)              
(fontspec)              This font family consists of the following NFSS
(fontspec)             series/shapes:
(fontspec)              
(fontspec)             - 'normal' (m/n) with NFSS spec.:
(fontspec)             <9.3075->s*[0.9998967671640342]"[latinmodern-math.otf]:mode=base;script=math;language=dflt;"<6.57-9.3075>s*[0.9998967671640342]"[latinmodern-math.otf]:mode=base;script=math;language=dflt;+ssty=0;"<-6.57>s*[0.9998967671640342]"[latinmodern-math.otf]:mode=base;script=math;language=dflt;+ssty=1;"
(fontspec)             - 'small caps'  (m/sc) with NFSS spec.: 
(fontspec)             and font adjustment code:
(fontspec)             \__um_luatex_copy_fontdimens: \fontdimen 8\font
(fontspec)             =0.43799pt\relax \fontdimen 9\font =2.18999pt\relax
(fontspec)             \fontdimen 10\font =1.82864pt\relax \fontdimen 11\font
(fontspec)             =1.21544pt\relax \fontdimen 12\font =6.56999pt\relax
(fontspec)             \fontdimen 13\font =0pt\relax 
(fontspec)             - 'bold' (b/n) with NFSS spec.:
(fontspec)             <->s*[0.9998967671640342]"[latinmodern-math.otf]:mode=base;script=math;language=dflt;"
(fontspec)             - 'bold small caps'  (b/sc) with NFSS spec.: 
(fontspec)             and font adjustment code:
(fontspec)             \__um_luatex_copy_fontdimens: \fontdimen 8\font
(fontspec)             =0.43799pt\relax \fontdimen 9\font =2.18999pt\relax
(fontspec)             \fontdimen 10\font =1.82864pt\relax \fontdimen 11\font
(fontspec)             =1.21544pt\relax \fontdimen 12\font =6.56999pt\relax
(fontspec)             \fontdimen 13\font =0pt\relax 

LaTeX Font Info:    Encoding `OMX' has changed to `TU' for symbol font
(Font)              `largesymbols' in the math version `normal' on input line 187.
LaTeX Font Info:    Overwriting symbol font `largesymbols' in version `normal'
(Font)                  OMX/lmex/m/n --> TU/latinmodern-math.otf(3)/m/n on input line 187.
LaTeX Font Info:    Encoding `OMX' has changed to `TU' for symbol font
(Font)              `largesymbols' in the math version `bold' on input line 187.
LaTeX Font Info:    Overwriting symbol font `largesymbols' in version `bold'
(Font)                  OMX/lmex/m/n --> TU/latinmodern-math.otf(3)/b/n on input line 187.
LaTeX Font Info:    Font shape `TU/latinmodern-math.otf(1)/m/n' will be
(Font)              scaled to size 7.665pt on input line 187.
LaTeX Font Info:    Font shape `TU/latinmodern-math.otf(1)/m/n' will be
(Font)              scaled to size 5.475pt on input line 187.
LaTeX Font Info:    Trying to load font information for OML+lmm on input line 187.
 (/usr/local/texlive/2022/texmf-dist/tex/latex/lm/omllmm.fd
File: omllmm.fd 2015/05/01 v1.6.1 Font defs for Latin Modern
)
LaTeX Font Info:    Font shape `TU/latinmodern-math.otf(2)/m/n' will be
(Font)              scaled to size 10.95099pt on input line 187.
LaTeX Font Info:    Font shape `TU/latinmodern-math.otf(2)/m/n' will be
(Font)              scaled to size 7.66568pt on input line 187.
LaTeX Font Info:    Font shape `TU/latinmodern-math.otf(2)/m/n' will be
(Font)              scaled to size 5.4755pt on input line 187.
LaTeX Font Info:    Font shape `TU/latinmodern-math.otf(3)/m/n' will be
(Font)              scaled to size 10.94882pt on input line 187.
LaTeX Font Info:    Font shape `TU/latinmodern-math.otf(3)/m/n' will be
(Font)              scaled to size 7.66417pt on input line 187.
LaTeX Font Info:    Font shape `TU/latinmodern-math.otf(3)/m/n' will be
(Font)              scaled to size 5.47441pt on input line 187.
LaTeX Font Info:    Trying to load font information for U+msa on input line 187.
 (/usr/local/texlive/2022/texmf-dist/tex/latex/amsfonts/umsa.fd
File: umsa.fd 2013/01/14 v3.01 AMS symbols A
)
LaTeX Font Info:    Trying to load font information for U+msb on input line 187.
 (/usr/local/texlive/2022/texmf-dist/tex/latex/amsfonts/umsb.fd
File: umsb.fd 2013/01/14 v3.01 AMS symbols B
)
LaTeX Font Info:    Trying to load font information for T1+lmss on input line 187.
 (/usr/local/texlive/2022/texmf-dist/tex/latex/lm/t1lmss.fd
File: t1lmss.fd 2015/05/01 v1.6.1 Font defs for Latin Modern
)
LaTeX Info: Redefining \microtypecontext on input line 187.
Package microtype Info: Applying patch `item' on input line 187.
Package microtype Info: Applying patch `toc' on input line 187.
Package microtype Info: Applying patch `eqnum' on input line 187.
Package microtype Info: Applying patch `footnote' on input line 187.
Package microtype Info: Generating PDF output.
Package microtype Info: Character protrusion enabled (level 2).
Package microtype Info: Using protrusion set `basicmath'.
Package microtype Info: Automatic font expansion enabled (level 2),
(microtype)             stretch: 20, shrink: 20, step: 1, non-selected.
Package microtype Info: Using default expansion set `alltext-nott'.
LaTeX Info: Redefining \showhyphens on input line 187.
Package microtype Info: No adjustment of tracking.
Package microtype Info: No adjustment of spacing.
Package microtype Info: No adjustment of kerning.
 (/usr/local/texlive/2022/texmf-dist/tex/latex/microtype/mt-LatinModernRoman.cfg
File: mt-LatinModernRoman.cfg 2021/02/21 v1.1 microtype config. file: Latin Modern Roman (RS)
) (/usr/local/texlive/2022/texmf-dist/tex/context/base/mkii/supp-pdf.mkii
[Loading MPS to PDF converter (version 2006.09.02).]
\scratchcounter=\count342
\scratchdimen=\dimen260
\scratchbox=\box123
\nofMPsegments=\count343
\nofMParguments=\count344
\everyMPshowfont=\toks36
\MPscratchCnt=\count345
\MPscratchDim=\dimen261
\MPnumerator=\count346
\makeMPintoPDFobject=\count347
\everyMPtoPDFconversion=\toks37
) (/usr/local/texlive/2022/texmf-dist/tex/latex/epstopdf-pkg/epstopdf-base.sty
Package: epstopdf-base 2020-01-24 v2.11 Base part for package epstopdf
Package epstopdf-base Info: Redefining graphics rule for `.eps' on input line 485.
 (/usr/local/texlive/2022/texmf-dist/tex/latex/latexconfig/epstopdf-sys.cfg
File: epstopdf-sys.cfg 2010/07/13 v1.3 Configuration of (r)epstopdf for TeX Live
))
Package hyperref Info: Link coloring ON on input line 187.
 (/usr/local/texlive/2022/texmf-dist/tex/latex/hyperref/nameref.sty
Package: nameref 2021-04-02 v2.47 Cross-referencing by name of section
 (/usr/local/texlive/2022/texmf-dist/tex/latex/refcount/refcount.sty
Package: refcount 2019/12/15 v3.6 Data extraction from label references (HO)
) (/usr/local/texlive/2022/texmf-dist/tex/generic/gettitlestring/gettitlestring.sty
Package: gettitlestring 2019/12/15 v1.6 Cleanup title references (HO)
)
\c@section@level=\count348
)
LaTeX Info: Redefining \ref on input line 187.
LaTeX Info: Redefining \pageref on input line 187.
LaTeX Info: Redefining \nameref on input line 187.
 (/usr/local/texlive/2022/texmf-dist/tex/latex/translations/translations-basic-dictionary-english.trsl
File: translations-basic-dictionary-english.trsl (english translation file `translations-basic-dictionary')
)
Package translations Info: loading dictionary `translations-basic-dictionary' for `english'. on input line 187.
Package caption Info: Begin \AtBeginDocument code.
Package caption Info: End \AtBeginDocument code.
Package microtype Info: Loading generic protrusion settings for font family
(microtype)             `lmss' (encoding: TU).
(microtype)             For optimal results, create family-specific settings.
(microtype)             See the microtype manual for details.
LaTeX Font Info:    Font shape `TU/latinmodern-math.otf(1)/m/n' will be
(Font)              scaled to size 14.4pt on input line 195.
LaTeX Font Info:    Font shape `TU/latinmodern-math.otf(1)/m/n' will be
(Font)              scaled to size 10.0pt on input line 195.
LaTeX Font Info:    Font shape `TU/latinmodern-math.otf(1)/m/n' will be
(Font)              scaled to size 7.0pt on input line 195.
LaTeX Font Info:    Font shape `TU/latinmodern-math.otf(2)/m/n' will be
(Font)              scaled to size 14.4013pt on input line 195.
LaTeX Font Info:    Font shape `TU/latinmodern-math.otf(2)/m/n' will be
(Font)              scaled to size 10.00092pt on input line 195.
LaTeX Font Info:    Font shape `TU/latinmodern-math.otf(2)/m/n' will be
(Font)              scaled to size 7.00064pt on input line 195.
LaTeX Font Info:    Font shape `TU/latinmodern-math.otf(3)/m/n' will be
(Font)              scaled to size 14.39845pt on input line 195.
LaTeX Font Info:    Font shape `TU/latinmodern-math.otf(3)/m/n' will be
(Font)              scaled to size 9.99893pt on input line 195.
LaTeX Font Info:    Font shape `TU/latinmodern-math.otf(3)/m/n' will be
(Font)              scaled to size 6.99925pt on input line 195.
 (/usr/local/texlive/2022/texmf-dist/tex/latex/microtype/mt-msa.cfg
File: mt-msa.cfg 2006/02/04 v1.1 microtype config. file: AMS symbols (a) (RS)
) (/usr/local/texlive/2022/texmf-dist/tex/latex/microtype/mt-msb.cfg
File: mt-msb.cfg 2005/06/01 v1.0 microtype config. file: AMS symbols (b) (RS)
)
Package microtype Info: Loading generic protrusion settings for font family
(microtype)             `lmss' (encoding: T1).
(microtype)             For optimal results, create family-specific settings.
(microtype)             See the microtype manual for details.
 [1


{/usr/local/texlive/2022/texmf-var/fonts/map/pdftex/updmap/pdftex.map}]
LaTeX Font Info:    Font shape `TU/latinmodern-math.otf(1)/m/n' will be
(Font)              scaled to size 9.0pt on input line 257.
LaTeX Font Info:    Font shape `TU/latinmodern-math.otf(1)/m/n' will be
(Font)              scaled to size 6.0pt on input line 257.
LaTeX Font Info:    Font shape `TU/latinmodern-math.otf(1)/m/n' will be
(Font)              scaled to size 5.0pt on input line 257.
LaTeX Font Info:    Font shape `TU/latinmodern-math.otf(2)/m/n' will be
(Font)              scaled to size 9.00082pt on input line 257.
LaTeX Font Info:    Font shape `TU/latinmodern-math.otf(2)/m/n' will be
(Font)              scaled to size 6.00055pt on input line 257.
LaTeX Font Info:    Font shape `TU/latinmodern-math.otf(2)/m/n' will be
(Font)              scaled to size 5.00046pt on input line 257.
LaTeX Font Info:    Font shape `TU/latinmodern-math.otf(3)/m/n' will be
(Font)              scaled to size 8.99904pt on input line 257.
LaTeX Font Info:    Font shape `TU/latinmodern-math.otf(3)/m/n' will be
(Font)              scaled to size 5.99936pt on input line 257.
LaTeX Font Info:    Font shape `TU/latinmodern-math.otf(3)/m/n' will be
(Font)              scaled to size 4.99947pt on input line 257.
 [2] [3] [4] [5] [6] [7] [8] [9] [10]
<inflation_relative_price_variance_files/figure-pdf/fig-rpd-1.png, id=208, 4015.0pt x 1505.625pt>
File: inflation_relative_price_variance_files/figure-pdf/fig-rpd-1.png Graphic file (type png)
<use inflation_relative_price_variance_files/figure-pdf/fig-rpd-1.png>
Package luatex.def Info: inflation_relative_price_variance_files/figure-pdf/fig-rpd-1.png  used on input line 624.
(luatex.def)             Requested size: 446.73628pt x 167.5261pt.
 [11]
<inflation_relative_price_variance_files/figure-pdf/fig-rpd_inflation-1.png, id=220, 3011.25pt x 1505.625pt>
File: inflation_relative_price_variance_files/figure-pdf/fig-rpd_inflation-1.png Graphic file (type png)
<use inflation_relative_price_variance_files/figure-pdf/fig-rpd_inflation-1.png>
Package luatex.def Info: inflation_relative_price_variance_files/figure-pdf/fig-rpd_inflation-1.png  used on input line 636.
(luatex.def)             Requested size: 446.75159pt x 223.3758pt.
 [12<./inflation_relative_price_variance_files/figure-pdf/fig-rpd-1.png><./inflation_relative_price_variance_files/figure-pdf/fig-rpd_inflation-1.png>]
luaotfload | cache : Lookup cache loaded from /Users/xolanisibande/Library/texlive/2022/texmf-var/luatex-cache/generic/names/luaotfload-lookup-cache.luc.

Package fontspec Info: Arial scale = 0.8311523441605119.


Package fontspec Info: Arial scale = 0.8311523441605119.

luaotfload | aux : font no 118 (nil) does not define feature smcp for script latn with language dflt

Package fontspec Info: Arial/B scale = 0.8311523441605119.

luaotfload | aux : font no 119 (nil) does not define feature smcp for script latn with language dflt

Package fontspec Info: Arial/I scale = 0.8311523441605119.

luaotfload | aux : font no 120 (nil) does not define feature smcp for script latn with language dflt

Package fontspec Info: Arial/BI scale = 0.8311523441605119.

luaotfload | aux : font no 121 (nil) does not define feature smcp for script latn with language dflt

Package fontspec Info: Font family 'Arial(0)' created for font 'Arial' with
(fontspec)             options [Scale=MatchLowercase,Ligatures=TeX,Scale=1].
(fontspec)              
(fontspec)              This font family consists of the following NFSS
(fontspec)             series/shapes:
(fontspec)              
(fontspec)             - 'normal' (m/n) with NFSS spec.:
(fontspec)             <->s*[1]"Arial:mode=node;script=latn;language=dflt;+tlig;"
(fontspec)             - 'small caps'  (m/sc) with NFSS spec.: 
(fontspec)             - 'bold' (b/n) with NFSS spec.:
(fontspec)             <->s*[1]"Arial/B:mode=node;script=latn;language=dflt;+tlig;"
(fontspec)             - 'bold small caps'  (b/sc) with NFSS spec.: 
(fontspec)             - 'italic' (m/it) with NFSS spec.:
(fontspec)             <->s*[1]"Arial/I:mode=node;script=latn;language=dflt;+tlig;"
(fontspec)             - 'italic small caps'  (m/scit) with NFSS spec.: 
(fontspec)             - 'bold italic' (b/it) with NFSS spec.:
(fontspec)             <->s*[1]"Arial/BI:mode=node;script=latn;language=dflt;+tlig;"
(fontspec)             - 'bold italic small caps'  (b/scit) with NFSS spec.: 

LaTeX Font Info:    Font shape `TU/Arial(0)/m/n' will be
(Font)              scaled to size 7.0pt on input line 678.

Package fontspec Info: Arial scale = 0.9999957963588061.


Package fontspec Info: Arial scale = 0.9999957963588061.

luaotfload | aux : font no 129 (nil) does not define feature smcp for script latn with language dflt

Package fontspec Info: Arial/B scale = 0.9999957963588061.

luaotfload | aux : font no 130 (nil) does not define feature smcp for script latn with language dflt

Package fontspec Info: Arial/I scale = 0.9999957963588061.

luaotfload | aux : font no 131 (nil) does not define feature smcp for script latn with language dflt

Package fontspec Info: Arial/BI scale = 0.9999957963588061.

luaotfload | aux : font no 132 (nil) does not define feature smcp for script latn with language dflt

Package fontspec Info: Font family 'Arial(1)' created for font 'Arial' with
(fontspec)             options [Scale=MatchLowercase,Renderer=Basic].
(fontspec)              
(fontspec)              This font family consists of the following NFSS
(fontspec)             series/shapes:
(fontspec)              
(fontspec)             - 'normal' (m/n) with NFSS spec.:
(fontspec)             <->s*[0.9999957963588061]"Arial:mode=base;script=latn;language=dflt;"
(fontspec)             - 'small caps'  (m/sc) with NFSS spec.: 
(fontspec)             - 'bold' (b/n) with NFSS spec.:
(fontspec)             <->s*[0.9999957963588061]"Arial/B:mode=base;script=latn;language=dflt;"
(fontspec)             - 'bold small caps'  (b/sc) with NFSS spec.: 
(fontspec)             - 'italic' (m/it) with NFSS spec.:
(fontspec)             <->s*[0.9999957963588061]"Arial/I:mode=base;script=latn;language=dflt;"
(fontspec)             - 'italic small caps'  (m/scit) with NFSS spec.: 
(fontspec)             - 'bold italic' (b/it) with NFSS spec.:
(fontspec)             <->s*[0.9999957963588061]"Arial/BI:mode=base;script=latn;language=dflt;"
(fontspec)             - 'bold italic small caps'  (b/scit) with NFSS spec.: 

LaTeX Font Info:    Overwriting math alphabet `\mathrm' in version `normal'
(Font)                  TU/lmr/m/n --> TU/Arial(1)/m/n on input line 678.
LaTeX Font Info:    Overwriting math alphabet `\mathit' in version `normal'
(Font)                  TU/lmr/m/it --> TU/Arial(1)/m/it on input line 678.
LaTeX Font Info:    Overwriting math alphabet `\mathbf' in version `normal'
(Font)                  TU/lmr/bx/n --> TU/Arial(1)/b/n on input line 678.

Package fontspec Info: Arial scale = 0.8311523441605119.


Package fontspec Info: Arial scale = 0.8311523441605119.


Package fontspec Info: Arial scale = 0.8311523441605119.


Package fontspec Info: Arial scale = 0.8311523441605119.


Package fontspec Info: Arial scale = 0.8311523441605119.


Package fontspec Info: Arial scale = 0.8311523441605119.


Package fontspec Info: Arial scale = 0.8311523441605119.


Package fontspec Info: Arial scale = 0.8311523441605119.


Package fontspec Info: Arial scale = 0.8311523441605119.


Package fontspec Info: Arial scale = 0.8311523441605119.


Package fontspec Info: Arial scale = 0.8311523441605119.


Package fontspec Info: Arial scale = 0.8311523441605119.


Package fontspec Info: Arial scale = 0.8311523441605119.


Package fontspec Info: Arial scale = 0.8311523441605119.


Package fontspec Info: Arial scale = 0.8311523441605119.


Package fontspec Info: Arial scale = 0.8311523441605119.


Package fontspec Info: Arial scale = 0.8311523441605119.


Package fontspec Info: Arial scale = 0.8311523441605119.


Package fontspec Info: Arial scale = 0.8311523441605119.


Package fontspec Info: Arial scale = 0.8311523441605119.


Package fontspec Info: Arial scale = 0.8311523441605119.


Package fontspec Info: Arial scale = 0.8311523441605119.


Package fontspec Info: Arial scale = 0.8311523441605119.


Package fontspec Info: Arial scale = 0.8311523441605119.


Package fontspec Info: Arial scale = 0.8311523441605119.


Package fontspec Info: Arial scale = 0.8311523441605119.


Package fontspec Info: Arial scale = 0.8311523441605119.


Package fontspec Info: Arial scale = 0.8311523441605119.


Package fontspec Info: Arial scale = 0.8311523441605119.


Package fontspec Info: Arial scale = 0.8311523441605119.


Package fontspec Info: Arial scale = 0.8311523441605119.


Package fontspec Info: Arial scale = 0.8311523441605119.


Package fontspec Info: Arial scale = 0.8311523441605119.


Package fontspec Info: Arial scale = 0.8311523441605119.


Package fontspec Info: Arial scale = 0.8311523441605119.


Package fontspec Info: Arial scale = 0.8311523441605119.


Package fontspec Info: Arial scale = 0.8311523441605119.


Package fontspec Info: Arial scale = 0.8311523441605119.


Package fontspec Info: Arial scale = 0.8311523441605119.


Package fontspec Info: Arial scale = 0.8311523441605119.


Package fontspec Info: Arial scale = 0.8311523441605119.


Package fontspec Info: Arial scale = 0.8311523441605119.


Package fontspec Info: Arial scale = 0.8311523441605119.


Package fontspec Info: Arial scale = 0.8311523441605119.


Package fontspec Info: Arial scale = 0.8311523441605119.


Package fontspec Info: Arial scale = 0.8311523441605119.


Package fontspec Info: Arial scale = 0.8311523441605119.


Package fontspec Info: Arial scale = 0.8311523441605119.


Package fontspec Info: Arial scale = 0.8311523441605119.


Package fontspec Info: Arial scale = 0.8311523441605119.


Package fontspec Info: Arial scale = 0.8311523441605119.


Package fontspec Info: Arial scale = 0.8311523441605119.


Package fontspec Info: Arial scale = 0.8311523441605119.


Package fontspec Info: Arial scale = 0.8311523441605119.


Package fontspec Info: Arial scale = 0.8311523441605119.


Package fontspec Info: Arial scale = 0.8311523441605119.


Package fontspec Info: Arial scale = 0.8311523441605119.


Package fontspec Info: Arial scale = 0.8311523441605119.


Package fontspec Info: Arial scale = 0.8311523441605119.


Package fontspec Info: Arial scale = 0.8311523441605119.


Package fontspec Info: Arial scale = 0.8311523441605119.


Package fontspec Info: Arial scale = 0.8311523441605119.


Package fontspec Info: Arial scale = 0.8311523441605119.


Package fontspec Info: Arial scale = 0.8311523441605119.


Package fontspec Info: Arial scale = 0.8311523441605119.


Package fontspec Info: Arial scale = 0.8311523441605119.


Package fontspec Info: Arial scale = 0.8311523441605119.


Package fontspec Info: Arial scale = 0.8311523441605119.


Package fontspec Info: Arial scale = 0.8311523441605119.


Package fontspec Info: Arial scale = 0.8311523441605119.


Package fontspec Info: Arial scale = 0.8311523441605119.


Package fontspec Info: Arial scale = 0.8311523441605119.


Package fontspec Info: Arial scale = 0.8311523441605119.


Package fontspec Info: Arial scale = 0.8311523441605119.


Package fontspec Info: Arial scale = 0.8311523441605119.


Package fontspec Info: Arial scale = 0.8311523441605119.


Package fontspec Info: Arial scale = 0.8311523441605119.


Package fontspec Info: Arial scale = 0.8311523441605119.


Package fontspec Info: Arial scale = 0.8311523441605119.


Package fontspec Info: Arial scale = 0.8311523441605119.


Package fontspec Info: Arial scale = 0.8311523441605119.


Package fontspec Info: Arial scale = 0.8311523441605119.


Package fontspec Info: Arial scale = 0.8311523441605119.


Package fontspec Info: Arial scale = 0.8311523441605119.


Package fontspec Info: Arial scale = 0.8311523441605119.


Package fontspec Info: Arial scale = 0.8311523441605119.


Package fontspec Info: Arial scale = 0.8311523441605119.


Package fontspec Info: Arial scale = 0.8311523441605119.


Package fontspec Info: Arial scale = 0.8311523441605119.


Package fontspec Info: Arial scale = 0.8311523441605119.


Package fontspec Info: Arial scale = 0.8311523441605119.

<inflation_relative_price_variance_files/figure-pdf/fig-rolling_coefficients-1.png, id=230, 4015.0pt x 2509.375pt>
File: inflation_relative_price_variance_files/figure-pdf/fig-rolling_coefficients-1.png Graphic file (type png)
<use inflation_relative_price_variance_files/figure-pdf/fig-rolling_coefficients-1.png>
Package luatex.def Info: inflation_relative_price_variance_files/figure-pdf/fig-rolling_coefficients-1.png  used on input line 783.
(luatex.def)             Requested size: 446.73628pt x 279.21017pt.
 [13]
<inflation_relative_price_variance_files/figure-pdf/fig-recursive-1.png, id=239, 4015.0pt x 1254.6875pt>
File: inflation_relative_price_variance_files/figure-pdf/fig-recursive-1.png Graphic file (type png)
<use inflation_relative_price_variance_files/figure-pdf/fig-recursive-1.png>
Package luatex.def Info: inflation_relative_price_variance_files/figure-pdf/fig-recursive-1.png  used on input line 797.
(luatex.def)             Requested size: 446.73628pt x 139.60507pt.
 [14<./inflation_relative_price_variance_files/figure-pdf/fig-rolling_coefficients-1.png><./inflation_relative_price_variance_files/figure-pdf/fig-recursive-1.png>] [15]
<inflation_relative_price_variance_files/figure-pdf/fig-semi_parametric-1.png, id=279, 4015.0pt x 4015.0pt>
File: inflation_relative_price_variance_files/figure-pdf/fig-semi_parametric-1.png Graphic file (type png)
<use inflation_relative_price_variance_files/figure-pdf/fig-semi_parametric-1.png>
Package luatex.def Info: inflation_relative_price_variance_files/figure-pdf/fig-semi_parametric-1.png  used on input line 862.
(luatex.def)             Requested size: 446.73628pt x 446.73628pt.
 [16<./inflation_relative_price_variance_files/figure-pdf/fig-semi_parametric-1.png>]
<inflation_relative_price_variance_files/figure-pdf/fig-unexpected_inflation-1.png, id=285, 4015.0pt x 4015.0pt>
File: inflation_relative_price_variance_files/figure-pdf/fig-unexpected_inflation-1.png Graphic file (type png)
<use inflation_relative_price_variance_files/figure-pdf/fig-unexpected_inflation-1.png>
Package luatex.def Info: inflation_relative_price_variance_files/figure-pdf/fig-unexpected_inflation-1.png  used on input line 881.
(luatex.def)             Requested size: 446.73628pt x 446.73628pt.
 [17<./inflation_relative_price_variance_files/figure-pdf/fig-unexpected_inflation-1.png>] [18]
<inflation_relative_price_variance_files/figure-pdf/fig-quant_reg-1.png, id=317, 4015.0pt x 2007.5pt>
File: inflation_relative_price_variance_files/figure-pdf/fig-quant_reg-1.png Graphic file (type png)
<use inflation_relative_price_variance_files/figure-pdf/fig-quant_reg-1.png>
Package luatex.def Info: inflation_relative_price_variance_files/figure-pdf/fig-quant_reg-1.png  used on input line 976.
(luatex.def)             Requested size: 446.73628pt x 223.36813pt.
 [19] [20<./inflation_relative_price_variance_files/figure-pdf/fig-quant_reg-1.png>]
<inflation_relative_price_variance_files/figure-pdf/fig-unif_quant_reg-1.png, id=338, 4015.0pt x 2007.5pt>
File: inflation_relative_price_variance_files/figure-pdf/fig-unif_quant_reg-1.png Graphic file (type png)
<use inflation_relative_price_variance_files/figure-pdf/fig-unif_quant_reg-1.png>
Package luatex.def Info: inflation_relative_price_variance_files/figure-pdf/fig-unif_quant_reg-1.png  used on input line 1028.
(luatex.def)             Requested size: 446.73628pt x 223.36813pt.
 [21<./inflation_relative_price_variance_files/figure-pdf/fig-unif_quant_reg-1.png>] [22] [23] ("/Users/xolanisibande/Papers/inflation_relative_price_variance/Journal/.texpadtmp/inflation_relative_price_variance anonymous.bbl" [24] [25] [26]) [27]
warning  (pdf backend): ignoring duplicate destination with the name 'section.1'
<inflation_relative_price_variance_files/figure-pdf/fig-headline_inflation-1.png, id=381, 4015.0pt x 1505.625pt>
File: inflation_relative_price_variance_files/figure-pdf/fig-headline_inflation-1.png Graphic file (type png)
<use inflation_relative_price_variance_files/figure-pdf/fig-headline_inflation-1.png>
Package luatex.def Info: inflation_relative_price_variance_files/figure-pdf/fig-headline_inflation-1.png  used on input line 1111.
(luatex.def)             Requested size: 446.73628pt x 167.5261pt.
<inflation_relative_price_variance_files/figure-pdf/fig-price_data-1.png, id=382, 4015.0pt x 4516.875pt>
File: inflation_relative_price_variance_files/figure-pdf/fig-price_data-1.png Graphic file (type png)
<use inflation_relative_price_variance_files/figure-pdf/fig-price_data-1.png>
Package luatex.def Info: inflation_relative_price_variance_files/figure-pdf/fig-price_data-1.png  used on input line 1123.
(luatex.def)             Requested size: 446.73628pt x 502.57831pt.
[28<./inflation_relative_price_variance_files/figure-pdf/fig-headline_inflation-1.png>]
<inflation_relative_price_variance_files/figure-pdf/fig-weights-1.png, id=389, 4015.0pt x 2509.375pt>
File: inflation_relative_price_variance_files/figure-pdf/fig-weights-1.png Graphic file (type png)
<use inflation_relative_price_variance_files/figure-pdf/fig-weights-1.png>
Package luatex.def Info: inflation_relative_price_variance_files/figure-pdf/fig-weights-1.png  used on input line 1135.
(luatex.def)             Requested size: 446.73628pt x 279.21017pt.
 [29<./inflation_relative_price_variance_files/figure-pdf/fig-price_data-1.png>] [30<./inflation_relative_price_variance_files/figure-pdf/fig-weights-1.png>]

Package fontspec Info: Arial scale = 0.8311523441605119.


Package fontspec Info: Arial scale = 0.8311523441605119.


Package fontspec Info: Arial scale = 0.8311523441605119.


Package fontspec Info: Arial scale = 0.8311523441605119.


Package fontspec Info: Arial scale = 0.8311523441605119.


Package fontspec Info: Arial scale = 0.8311523441605119.


Package fontspec Info: Arial scale = 0.8311523441605119.


Package fontspec Info: Arial scale = 0.8311523441605119.


Package fontspec Info: Arial scale = 0.8311523441605119.


Package fontspec Info: Arial scale = 0.8311523441605119.


Package fontspec Info: Arial scale = 0.8311523441605119.


Package fontspec Info: Arial scale = 0.8311523441605119.


Package fontspec Info: Arial scale = 0.8311523441605119.


Package fontspec Info: Arial scale = 0.8311523441605119.


Package fontspec Info: Arial scale = 0.8311523441605119.


Package fontspec Info: Arial scale = 0.8311523441605119.


Package fontspec Info: Arial scale = 0.8311523441605119.


Package fontspec Info: Arial scale = 0.8311523441605119.


Package fontspec Info: Arial scale = 0.8311523441605119.


Package fontspec Info: Arial scale = 0.8311523441605119.


Package fontspec Info: Arial scale = 0.8311523441605119.


Package fontspec Info: Arial scale = 0.8311523441605119.


Package fontspec Info: Arial scale = 0.8311523441605119.


Package fontspec Info: Arial scale = 0.8311523441605119.


Package fontspec Info: Arial scale = 0.8311523441605119.


Package fontspec Info: Arial scale = 0.8311523441605119.


Package fontspec Info: Arial scale = 0.8311523441605119.


Package fontspec Info: Arial scale = 0.8311523441605119.


Package fontspec Info: Arial scale = 0.8311523441605119.


Package fontspec Info: Arial scale = 0.8311523441605119.


Package fontspec Info: Arial scale = 0.8311523441605119.


Package fontspec Info: Arial scale = 0.8311523441605119.


Package fontspec Info: Arial scale = 0.8311523441605119.


Package fontspec Info: Arial scale = 0.8311523441605119.


Package fontspec Info: Arial scale = 0.8311523441605119.


Package fontspec Info: Arial scale = 0.8311523441605119.


Package fontspec Info: Arial scale = 0.8311523441605119.


Package fontspec Info: Arial scale = 0.8311523441605119.


Package fontspec Info: Arial scale = 0.8311523441605119.


Package fontspec Info: Arial scale = 0.8311523441605119.


Package fontspec Info: Arial scale = 0.8311523441605119.


Package fontspec Info: Arial scale = 0.8311523441605119.


Package fontspec Info: Arial scale = 0.8311523441605119.


Package fontspec Info: Arial scale = 0.8311523441605119.


Package fontspec Info: Arial scale = 0.8311523441605119.


Package fontspec Info: Arial scale = 0.8311523441605119.


Package fontspec Info: Arial scale = 0.8311523441605119.


Package fontspec Info: Arial scale = 0.8311523441605119.


Package fontspec Info: Arial scale = 0.8311523441605119.


Package fontspec Info: Arial scale = 0.8311523441605119.


Package fontspec Info: Arial scale = 0.8311523441605119.


Package fontspec Info: Arial scale = 0.8311523441605119.


Package fontspec Info: Arial scale = 0.8311523441605119.


Package fontspec Info: Arial scale = 0.8311523441605119.


Package fontspec Info: Arial scale = 0.8311523441605119.


Package fontspec Info: Arial scale = 0.8311523441605119.


Package fontspec Info: Arial scale = 0.8311523441605119.


Package fontspec Info: Arial scale = 0.8311523441605119.


Package fontspec Info: Arial scale = 0.8311523441605119.


Package fontspec Info: Arial scale = 0.8311523441605119.


Package fontspec Info: Arial scale = 0.8311523441605119.


Package fontspec Info: Arial scale = 0.8311523441605119.


Package fontspec Info: Arial scale = 0.8311523441605119.


Package fontspec Info: Arial scale = 0.8311523441605119.


Package fontspec Info: Arial scale = 0.8311523441605119.


Package fontspec Info: Arial scale = 0.8311523441605119.


Package fontspec Info: Arial scale = 0.8311523441605119.


Package fontspec Info: Arial scale = 0.8311523441605119.


Package fontspec Info: Arial scale = 0.8311523441605119.


Package fontspec Info: Arial scale = 0.8311523441605119.


Package fontspec Info: Arial scale = 0.8311523441605119.


Package fontspec Info: Arial scale = 0.8311523441605119.


Package fontspec Info: Arial scale = 0.8311523441605119.


Package fontspec Info: Arial scale = 0.8311523441605119.


Package fontspec Info: Arial scale = 0.8311523441605119.


Package fontspec Info: Arial scale = 0.8311523441605119.


Package fontspec Info: Arial scale = 0.8311523441605119.


Package fontspec Info: Arial scale = 0.8311523441605119.


Package fontspec Info: Arial scale = 0.8311523441605119.


Package fontspec Info: Arial scale = 0.8311523441605119.


Package fontspec Info: Arial scale = 0.8311523441605119.


Package fontspec Info: Arial scale = 0.8311523441605119.


Package fontspec Info: Arial scale = 0.8311523441605119.


Package fontspec Info: Arial scale = 0.8311523441605119.


Package fontspec Info: Arial scale = 0.8311523441605119.


Package fontspec Info: Arial scale = 0.8311523441605119.


Package fontspec Info: Arial scale = 0.8311523441605119.


Package fontspec Info: Arial scale = 0.8311523441605119.


Package fontspec Info: Arial scale = 0.8311523441605119.


Package fontspec Info: Arial scale = 0.8311523441605119.


Package fontspec Info: Arial scale = 0.8311523441605119.


Package fontspec Info: Arial scale = 0.8311523441605119.


Package fontspec Info: Arial scale = 0.8311523441605119.


Package fontspec Info: Arial scale = 0.8311523441605119.


Package fontspec Info: Arial scale = 0.8311523441605119.


Package fontspec Info: Arial scale = 0.8311523441605119.


Package fontspec Info: Arial scale = 0.8311523441605119.


Package fontspec Info: Arial scale = 0.8311523441605119.


Package fontspec Info: Arial scale = 0.8311523441605119.


Package fontspec Info: Arial scale = 0.8311523441605119.


Package fontspec Info: Arial scale = 0.8311523441605119.


Package fontspec Info: Arial scale = 0.8311523441605119.


Package fontspec Info: Arial scale = 0.8311523441605119.


Package fontspec Info: Arial scale = 0.8311523441605119.


Package fontspec Info: Arial scale = 0.8311523441605119.


Package fontspec Info: Arial scale = 0.8311523441605119.


Package fontspec Info: Arial scale = 0.8311523441605119.


Package fontspec Info: Arial scale = 0.8311523441605119.


Package fontspec Info: Arial scale = 0.8311523441605119.


Package fontspec Info: Arial scale = 0.8311523441605119.


Package fontspec Info: Arial scale = 0.8311523441605119.


Package fontspec Info: Arial scale = 0.8311523441605119.


Package fontspec Info: Arial scale = 0.8311523441605119.


Package fontspec Info: Arial scale = 0.8311523441605119.


Package fontspec Info: Arial scale = 0.8311523441605119.


Package fontspec Info: Arial scale = 0.8311523441605119.


Package fontspec Info: Arial scale = 0.8311523441605119.


Package fontspec Info: Arial scale = 0.8311523441605119.


Package fontspec Info: Arial scale = 0.8311523441605119.


Package fontspec Info: Arial scale = 0.8311523441605119.


Package fontspec Info: Arial scale = 0.8311523441605119.


Package fontspec Info: Arial scale = 0.8311523441605119.


Package fontspec Info: Arial scale = 0.8311523441605119.


Package fontspec Info: Arial scale = 0.8311523441605119.


Package fontspec Info: Arial scale = 0.8311523441605119.


Package fontspec Info: Arial scale = 0.8311523441605119.


Package fontspec Info: Arial scale = 0.8311523441605119.


Package fontspec Info: Arial scale = 0.8311523441605119.


Package fontspec Info: Arial scale = 0.8311523441605119.


Package fontspec Info: Arial scale = 0.8311523441605119.


Package fontspec Info: Arial scale = 0.8311523441605119.


Package fontspec Info: Arial scale = 0.8311523441605119.


Package fontspec Info: Arial scale = 0.8311523441605119.


Package fontspec Info: Arial scale = 0.8311523441605119.


Package fontspec Info: Arial scale = 0.8311523441605119.


Package fontspec Info: Arial scale = 0.8311523441605119.


Package fontspec Info: Arial scale = 0.8311523441605119.


Package fontspec Info: Arial scale = 0.8311523441605119.


Package fontspec Info: Arial scale = 0.8311523441605119.


Package fontspec Info: Arial scale = 0.8311523441605119.


Package fontspec Info: Arial scale = 0.8311523441605119.


Package fontspec Info: Arial scale = 0.8311523441605119.


Package fontspec Info: Arial scale = 0.8311523441605119.


Package fontspec Info: Arial scale = 0.8311523441605119.


Package fontspec Info: Arial scale = 0.8311523441605119.


Package fontspec Info: Arial scale = 0.8311523441605119.


Package fontspec Info: Arial scale = 0.8311523441605119.


Package fontspec Info: Arial scale = 0.8311523441605119.


Package fontspec Info: Arial scale = 0.8311523441605119.


Package fontspec Info: Arial scale = 0.8311523441605119.


Package fontspec Info: Arial scale = 0.8311523441605119.


Package fontspec Info: Arial scale = 0.8311523441605119.


Package fontspec Info: Arial scale = 0.8311523441605119.


Package fontspec Info: Arial scale = 0.8311523441605119.


Package fontspec Info: Arial scale = 0.8311523441605119.


Package fontspec Info: Arial scale = 0.8311523441605119.


Package fontspec Info: Arial scale = 0.8311523441605119.


Package fontspec Info: Arial scale = 0.8311523441605119.


Package fontspec Info: Arial scale = 0.8311523441605119.


Package fontspec Info: Arial scale = 0.8311523441605119.


Package fontspec Info: Arial scale = 0.8311523441605119.


Package fontspec Info: Arial scale = 0.8311523441605119.


Package fontspec Info: Arial scale = 0.8311523441605119.


Package fontspec Info: Arial scale = 0.8311523441605119.


Package fontspec Info: Arial scale = 0.8311523441605119.


Package fontspec Info: Arial scale = 0.8311523441605119.


Package fontspec Info: Arial scale = 0.8311523441605119.


Package fontspec Info: Arial scale = 0.8311523441605119.


Package fontspec Info: Arial scale = 0.8311523441605119.


Package fontspec Info: Arial scale = 0.8311523441605119.


Package fontspec Info: Arial scale = 0.8311523441605119.


Package fontspec Info: Arial scale = 0.8311523441605119.


Package fontspec Info: Arial scale = 0.8311523441605119.


Package fontspec Info: Arial scale = 0.8311523441605119.


Package fontspec Info: Arial scale = 0.8311523441605119.


Package fontspec Info: Arial scale = 0.8311523441605119.


Package fontspec Info: Arial scale = 0.8311523441605119.


Package fontspec Info: Arial scale = 0.8311523441605119.


Package fontspec Info: Arial scale = 0.8311523441605119.


Package fontspec Info: Arial scale = 0.8311523441605119.


Package fontspec Info: Arial scale = 0.8311523441605119.


Package fontspec Info: Arial scale = 0.8311523441605119.


Package fontspec Info: Arial scale = 0.8311523441605119.


Package fontspec Info: Arial scale = 0.8311523441605119.


Package fontspec Info: Arial scale = 0.8311523441605119.


Package fontspec Info: Arial scale = 0.8311523441605119.


Package fontspec Info: Arial scale = 0.8311523441605119.


Package fontspec Info: Arial scale = 0.8311523441605119.


Package fontspec Info: Arial scale = 0.8311523441605119.


Package fontspec Info: Arial scale = 0.8311523441605119.


Package fontspec Info: Arial scale = 0.8311523441605119.


Package fontspec Info: Arial scale = 0.8311523441605119.


Package fontspec Info: Arial scale = 0.8311523441605119.


Package fontspec Info: Arial scale = 0.8311523441605119.


Package fontspec Info: Arial scale = 0.8311523441605119.


Package fontspec Info: Arial scale = 0.8311523441605119.


Package fontspec Info: Arial scale = 0.8311523441605119.


Package fontspec Info: Arial scale = 0.8311523441605119.


Package fontspec Info: Arial scale = 0.8311523441605119.


Package fontspec Info: Arial scale = 0.8311523441605119.


Package fontspec Info: Arial scale = 0.8311523441605119.


Package fontspec Info: Arial scale = 0.8311523441605119.


Package fontspec Info: Arial scale = 0.8311523441605119.


Package fontspec Info: Arial scale = 0.8311523441605119.


Package fontspec Info: Arial scale = 0.8311523441605119.


Package fontspec Info: Arial scale = 0.8311523441605119.


Package fontspec Info: Arial scale = 0.8311523441605119.


Package fontspec Info: Arial scale = 0.8311523441605119.


Package fontspec Info: Arial scale = 0.8311523441605119.


Package fontspec Info: Arial scale = 0.8311523441605119.


Package fontspec Info: Arial scale = 0.8311523441605119.


Package fontspec Info: Arial scale = 0.8311523441605119.


Package fontspec Info: Arial scale = 0.8311523441605119.


Package fontspec Info: Arial scale = 0.8311523441605119.


Package fontspec Info: Arial scale = 0.8311523441605119.


Package fontspec Info: Arial scale = 0.8311523441605119.


Package fontspec Info: Arial scale = 0.8311523441605119.


Package fontspec Info: Arial scale = 0.8311523441605119.


Package fontspec Info: Arial scale = 0.8311523441605119.


Package fontspec Info: Arial scale = 0.8311523441605119.


Package fontspec Info: Arial scale = 0.8311523441605119.


Package fontspec Info: Arial scale = 0.8311523441605119.


Package fontspec Info: Arial scale = 0.8311523441605119.


Package fontspec Info: Arial scale = 0.8311523441605119.


Package fontspec Info: Arial scale = 0.8311523441605119.


Package fontspec Info: Arial scale = 0.8311523441605119.


Package fontspec Info: Arial scale = 0.8311523441605119.


Package fontspec Info: Arial scale = 0.8311523441605119.


Package fontspec Info: Arial scale = 0.8311523441605119.


Package fontspec Info: Arial scale = 0.8311523441605119.


Package fontspec Info: Arial scale = 0.8311523441605119.


Package fontspec Info: Arial scale = 0.8311523441605119.


Package fontspec Info: Arial scale = 0.8311523441605119.


Package fontspec Info: Arial scale = 0.8311523441605119.


Package fontspec Info: Arial scale = 0.8311523441605119.


Package fontspec Info: Arial scale = 0.8311523441605119.


Package fontspec Info: Arial scale = 0.8311523441605119.


Package fontspec Info: Arial scale = 0.8311523441605119.


Package fontspec Info: Arial scale = 0.8311523441605119.


Package fontspec Info: Arial scale = 0.8311523441605119.


Package fontspec Info: Arial scale = 0.8311523441605119.


Package fontspec Info: Arial scale = 0.8311523441605119.


Package fontspec Info: Arial scale = 0.8311523441605119.


Package fontspec Info: Arial scale = 0.8311523441605119.


Package fontspec Info: Arial scale = 0.8311523441605119.


Package fontspec Info: Arial scale = 0.8311523441605119.


Package fontspec Info: Arial scale = 0.8311523441605119.


Package fontspec Info: Arial scale = 0.8311523441605119.


Package fontspec Info: Arial scale = 0.8311523441605119.


Package fontspec Info: Arial scale = 0.8311523441605119.


Package fontspec Info: Arial scale = 0.8311523441605119.


Package fontspec Info: Arial scale = 0.8311523441605119.


Package fontspec Info: Arial scale = 0.8311523441605119.


Package fontspec Info: Arial scale = 0.8311523441605119.


Package fontspec Info: Arial scale = 0.8311523441605119.


Package fontspec Info: Arial scale = 0.8311523441605119.


Package fontspec Info: Arial scale = 0.8311523441605119.


Package fontspec Info: Arial scale = 0.8311523441605119.


Package fontspec Info: Arial scale = 0.8311523441605119.


Package fontspec Info: Arial scale = 0.8311523441605119.


Package fontspec Info: Arial scale = 0.8311523441605119.


Package fontspec Info: Arial scale = 0.8311523441605119.


Package fontspec Info: Arial scale = 0.8311523441605119.


Package fontspec Info: Arial scale = 0.8311523441605119.


Package fontspec Info: Arial scale = 0.8311523441605119.


Package fontspec Info: Arial scale = 0.8311523441605119.


Package fontspec Info: Arial scale = 0.8311523441605119.


Package fontspec Info: Arial scale = 0.8311523441605119.


Package fontspec Info: Arial scale = 0.8311523441605119.


Package fontspec Info: Arial scale = 0.8311523441605119.


Package fontspec Info: Arial scale = 0.8311523441605119.


Package fontspec Info: Arial scale = 0.8311523441605119.


Package fontspec Info: Arial scale = 0.8311523441605119.


Package fontspec Info: Arial scale = 0.8311523441605119.


Package fontspec Info: Arial scale = 0.8311523441605119.


Package fontspec Info: Arial scale = 0.8311523441605119.


Package fontspec Info: Arial scale = 0.8311523441605119.


Package fontspec Info: Arial scale = 0.8311523441605119.


Package fontspec Info: Arial scale = 0.8311523441605119.


Package fontspec Info: Arial scale = 0.8311523441605119.


Package fontspec Info: Arial scale = 0.8311523441605119.


Package fontspec Info: Arial scale = 0.8311523441605119.


Package fontspec Info: Arial scale = 0.8311523441605119.


Package fontspec Info: Arial scale = 0.8311523441605119.


Package fontspec Info: Arial scale = 0.8311523441605119.


Package fontspec Info: Arial scale = 0.8311523441605119.


Package fontspec Info: Arial scale = 0.8311523441605119.


Package fontspec Info: Arial scale = 0.8311523441605119.


Package fontspec Info: Arial scale = 0.8311523441605119.


Package fontspec Info: Arial scale = 0.8311523441605119.


Package fontspec Info: Arial scale = 0.8311523441605119.


Package fontspec Info: Arial scale = 0.8311523441605119.


Package fontspec Info: Arial scale = 0.8311523441605119.


Package fontspec Info: Arial scale = 0.8311523441605119.


Package fontspec Info: Arial scale = 0.8311523441605119.


Package fontspec Info: Arial scale = 0.8311523441605119.


Package fontspec Info: Arial scale = 0.8311523441605119.


Package fontspec Info: Arial scale = 0.8311523441605119.


Package fontspec Info: Arial scale = 0.8311523441605119.


Package fontspec Info: Arial scale = 0.8311523441605119.


Package fontspec Info: Arial scale = 0.8311523441605119.


Package fontspec Info: Arial scale = 0.8311523441605119.


Package fontspec Info: Arial scale = 0.8311523441605119.


Package fontspec Info: Arial scale = 0.8311523441605119.


Package fontspec Info: Arial scale = 0.8311523441605119.


Package fontspec Info: Arial scale = 0.8311523441605119.


Package fontspec Info: Arial scale = 0.8311523441605119.


Package fontspec Info: Arial scale = 0.8311523441605119.


Package fontspec Info: Arial scale = 0.8311523441605119.


Package fontspec Info: Arial scale = 0.8311523441605119.


Package fontspec Info: Arial scale = 0.8311523441605119.


Package fontspec Info: Arial scale = 0.8311523441605119.


Package fontspec Info: Arial scale = 0.8311523441605119.


Package fontspec Info: Arial scale = 0.8311523441605119.


Package fontspec Info: Arial scale = 0.8311523441605119.


Package fontspec Info: Arial scale = 0.8311523441605119.


Package fontspec Info: Arial scale = 0.8311523441605119.


Package fontspec Info: Arial scale = 0.8311523441605119.


Package fontspec Info: Arial scale = 0.8311523441605119.


Package fontspec Info: Arial scale = 0.8311523441605119.


Package fontspec Info: Arial scale = 0.8311523441605119.


Package fontspec Info: Arial scale = 0.8311523441605119.


Package fontspec Info: Arial scale = 0.8311523441605119.


Package fontspec Info: Arial scale = 0.8311523441605119.


Package fontspec Info: Arial scale = 0.8311523441605119.


Package fontspec Info: Arial scale = 0.8311523441605119.


Package fontspec Info: Arial scale = 0.8311523441605119.


Package fontspec Info: Arial scale = 0.8311523441605119.


Package fontspec Info: Arial scale = 0.8311523441605119.


Package fontspec Info: Arial scale = 0.8311523441605119.


Package fontspec Info: Arial scale = 0.8311523441605119.


Package fontspec Info: Arial scale = 0.8311523441605119.


Package fontspec Info: Arial scale = 0.8311523441605119.


Package fontspec Info: Arial scale = 0.8311523441605119.


Package fontspec Info: Arial scale = 0.8311523441605119.


Package fontspec Info: Arial scale = 0.8311523441605119.


Package fontspec Info: Arial scale = 0.8311523441605119.


Package fontspec Info: Arial scale = 0.8311523441605119.


Package fontspec Info: Arial scale = 0.8311523441605119.


Package fontspec Info: Arial scale = 0.8311523441605119.


Package fontspec Info: Arial scale = 0.8311523441605119.


Package fontspec Info: Arial scale = 0.8311523441605119.


Package fontspec Info: Arial scale = 0.8311523441605119.


warning  (pdf backend): ignoring duplicate destination with the name 'table.1'
[31]

Package fontspec Info: Arial scale = 0.8311523441605119.


Package fontspec Info: Arial scale = 0.8311523441605119.


Package fontspec Info: Arial scale = 0.8311523441605119.


Package fontspec Info: Arial scale = 0.8311523441605119.


Package fontspec Info: Arial scale = 0.8311523441605119.


Package fontspec Info: Arial scale = 0.8311523441605119.


Package fontspec Info: Arial scale = 0.8311523441605119.


Package fontspec Info: Arial scale = 0.8311523441605119.


Package fontspec Info: Arial scale = 0.8311523441605119.


Package fontspec Info: Arial scale = 0.8311523441605119.


Package fontspec Info: Arial scale = 0.8311523441605119.


Package fontspec Info: Arial scale = 0.8311523441605119.


Package fontspec Info: Arial scale = 0.8311523441605119.


Package fontspec Info: Arial scale = 0.8311523441605119.


Package fontspec Info: Arial scale = 0.8311523441605119.


Package fontspec Info: Arial scale = 0.8311523441605119.


Package fontspec Info: Arial scale = 0.8311523441605119.


Package fontspec Info: Arial scale = 0.8311523441605119.


Package fontspec Info: Arial scale = 0.8311523441605119.


Package fontspec Info: Arial scale = 0.8311523441605119.


Package fontspec Info: Arial scale = 0.8311523441605119.


Package fontspec Info: Arial scale = 0.8311523441605119.


Package fontspec Info: Arial scale = 0.8311523441605119.


Package fontspec Info: Arial scale = 0.8311523441605119.


Package fontspec Info: Arial scale = 0.8311523441605119.


Package fontspec Info: Arial scale = 0.8311523441605119.


Package fontspec Info: Arial scale = 0.8311523441605119.


Package fontspec Info: Arial scale = 0.8311523441605119.


Package fontspec Info: Arial scale = 0.8311523441605119.


Package fontspec Info: Arial scale = 0.8311523441605119.


Package fontspec Info: Arial scale = 0.8311523441605119.


Package fontspec Info: Arial scale = 0.8311523441605119.

 [32]
warning  (pdf backend): ignoring duplicate destination with the name 'section.2'
[33] [34] ("/Users/xolanisibande/Papers/inflation_relative_price_variance/Journal/.texpadtmp/inflation_relative_price_variance anonymous.aux"))

Here is how much of LuaTeX's memory you used:
 29938 strings out of 477785
 244191,1373583 words of node,token memory allocated
 952 words of node memory still in use:
   7 hlist, 2 vlist, 2 rule, 1 local_par, 9 glue, 4 kern, 1 penalty, 1 margin_kern, 3 glyph, 62 attribute, 77 glue_spec, 62 attribute_list, 1 write, 1 user_defined, 5 pdf_action nodes
   avail lists: 1:10,2:8441,3:1382,4:3109,5:548,6:678,7:10723,8:67,9:7874,10:27,11:717,12:1
 49451 multiletter control sequences out of 65536+600000
 133 fonts using 39929783 bytes
 108i,10n,128p,10639b,945s stack positions out of 10000i,1000n,20000p,200000b,200000s
</System/Library/Fonts/Supplemental/Arial.ttf></usr/local/texlive/2022/texmf-dist/fonts/opentype/public/lm-math/latinmodern-math.otf></usr/local/texlive/2022/texmf-dist/fonts/opentype/public/lm-math/latinmodern-math.otf></usr/local/texlive/2022/texmf-dist/fonts/opentype/public/lm-math/latinmodern-math.otf></usr/local/texlive/2022/texmf-dist/fonts/opentype/public/lm/lmroman9-regular.otf></usr/local/texlive/2022/texmf-dist/fonts/opentype/public/lm/lmroman6-regular.otf></usr/local/texlive/2022/texmf-dist/fonts/opentype/public/lm/lmroman8-regular.otf></usr/local/texlive/2022/texmf-dist/fonts/opentype/public/lm/lmroman10-bold.otf></usr/local/texlive/2022/texmf-dist/fonts/opentype/public/lm/lmroman10-regular.otf></usr/local/texlive/2022/texmf-dist/fonts/opentype/public/lm/lmroman12-regular.otf></usr/local/texlive/2022/texmf-dist/fonts/opentype/public/lm/lmsans10-bold.otf>
Output written on inflation_relative_price_variance anonymous.pdf (34 pages, 4981905 bytes).

PDF statistics: 568 PDF objects out of 1000 (max. 8388607)
 472 compressed objects within 5 object streams
 144 named destinations out of 1000 (max. 131072)
 105 words of extra memory for PDF output out of 10000 (max. 100000000)

